,Date,Number_of_sales,Active_markets_wallets,Primary_sales,ETH_high_price,Sales_USD
0,2017-11-09,148.27000000000407,2.0,0.0,0.0,329.451996
1,2017-11-10,0.0,0.0,0.0,0.0,324.717987
2,2017-11-11,0.0,0.0,0.0,0.0,319.453003
3,2017-11-12,91.11000000000058,1.0,0.0,0.0,319.153015
4,2017-11-13,63.06999999999243,2.0,2.0,0.0,328.415009
5,2017-11-14,67.77999999999884,1.0,0.0,0.0,340.177002
6,2017-11-15,137.05999999999767,2.0,1.0,0.0,340.911987
7,2017-11-16,0.0,0.0,0.0,0.0,336.158997
8,2017-11-17,0.0,0.0,0.0,0.0,334.963989
9,2017-11-18,0.0,0.0,0.0,0.0,349.615997
10,2017-11-19,71.91999999999825,2.0,2.0,0.0,371.290985
11,2017-11-20,109.74000000000524,3.0,2.0,0.0,372.136993
12,2017-11-21,381.11999999999534,110.0,30.0,105.0,372.470001
13,2017-11-22,694.5800000000017,57.0,5.0,36.0,381.420013
14,2017-11-23,3628.39,1116.0,62.0,936.0,425.548004
15,2017-11-24,6929.450000000012,3018.0,67.0,2551.0,480.972992
16,2017-11-25,2225.5,1941.0,23.0,1764.0,485.191986
17,2017-11-26,2845.079999999987,1220.0,6.0,1083.0,472.722992
18,2017-11-27,1621.5599999999977,968.0,18.0,809.0,493.404999
19,2017-11-28,5106.580000000016,1728.0,136.0,1143.0,482.480011
20,2017-11-29,30205.329999999987,5578.0,376.0,3747.0,522.307007
21,2017-11-30,23661.36000000001,8160.0,275.0,6296.0,465.497009
22,2017-12-01,36847.34999999998,7887.0,397.0,5736.0,472.609009
23,2017-12-02,268278.67000000004,13765.0,815.0,9070.0,476.239014
24,2017-12-03,1097335.38,29765.0,2684.0,16546.0,482.813995
25,2017-12-04,2432498.15,38991.0,3747.0,23652.0,474.777008
26,2017-12-05,2331613.07,41525.0,4649.0,25197.0,473.558014
27,2017-12-06,1902382.5200000005,32360.0,3469.0,19928.0,462.708008
28,2017-12-07,1806456.999999999,38193.0,4295.0,22096.0,441.397003
29,2017-12-08,2136996.880000001,45207.0,4471.0,27050.0,466.062012
30,2017-12-09,1846554.9499999995,51014.0,4090.0,30836.0,504.147003
31,2017-12-10,1377836.970000001,52034.0,3795.0,31784.0,472.789001
32,2017-12-11,1137928.84,47067.0,3179.0,28074.0,516.968994
33,2017-12-12,828522.4300000016,37395.0,2352.0,23958.0,657.317993
34,2017-12-13,633725.3899999969,29696.0,2310.0,17238.0,747.992981
35,2017-12-14,608442.2100000009,30935.0,1734.0,20137.0,753.120972
36,2017-12-15,460476.4800000005,23030.0,1410.0,14711.0,697.132019
37,2017-12-16,1051346.879999999,27195.0,1421.0,18781.0,718.38501
38,2017-12-17,670614.4700000025,21155.0,1207.0,13800.0,735.825012
39,2017-12-18,512122.1099999994,19061.0,1251.0,11805.0,803.927979
40,2017-12-19,422591.1400000006,14047.0,669.0,9189.0,881.94397
41,2017-12-20,925710.7899999992,20783.0,910.0,10146.0,845.062012
42,2017-12-21,1169450.2800000012,15803.0,827.0,10490.0,880.54303
43,2017-12-22,1973455.169999998,16282.0,665.0,12567.0,827.682983
44,2017-12-23,2145520.0,14597.0,828.0,10595.0,763.89502
45,2017-12-24,1643181.0199999996,12581.0,726.0,8683.0,721.768982
46,2017-12-25,1831463.460000001,9822.0,412.0,6649.0,782.520996
47,2017-12-26,986064.7100000008,7946.0,440.0,4956.0,786.789978
48,2017-12-27,654561.2199999988,9106.0,515.0,5732.0,789.252991
49,2017-12-28,388203.90000000224,9979.0,534.0,6592.0,763.31897
50,2017-12-29,353035.1499999985,8274.0,519.0,5407.0,770.117004
51,2017-12-30,129374.45000000298,6641.0,434.0,3878.0,753.815002
52,2017-12-31,187805.7799999937,6921.0,371.0,4270.0,760.348022
53,2018-01-01,143409.09000000358,7586.0,328.0,4696.0,782.530029
54,2018-01-02,207347.97999999672,6484.0,389.0,3987.0,914.830017
55,2018-01-03,134051.3200000003,3608.0,304.0,2159.0,974.471008
56,2018-01-04,58692.77000000328,2568.0,206.0,1582.0,1045.079956
57,2018-01-05,44149.35000000149,2076.0,160.0,1135.0,1075.390015
58,2018-01-06,84413.66999999434,2906.0,291.0,1683.0,1060.709961
59,2018-01-07,64571.27000000328,3194.0,236.0,1938.0,1153.170044
60,2018-01-08,60969.14999999851,2550.0,263.0,1490.0,1266.930054
61,2018-01-09,56341.340000003576,1766.0,179.0,1079.0,1320.97998
62,2018-01-10,52558.0700000003,1326.0,107.0,832.0,1417.380005
63,2018-01-11,54745.12999999523,2159.0,155.0,1296.0,1337.300049
64,2018-01-12,64062.78000000119,2482.0,228.0,1501.0,1296.040039
65,2018-01-13,62681.13000000268,2499.0,204.0,1616.0,1432.880005
66,2018-01-14,83404.26999999583,2817.0,230.0,1834.0,1400.560059
67,2018-01-15,50101.70000000298,1818.0,123.0,1129.0,1390.589966
68,2018-01-16,56630.13000000268,2018.0,133.0,1268.0,1292.630005
69,2018-01-17,46103.73999999464,2326.0,140.0,1488.0,1090.22998
70,2018-01-18,53919.410000003874,2818.0,229.0,1800.0,1100.310059
71,2018-01-19,83211.25999999791,3117.0,190.0,2048.0,1093.219971
72,2018-01-20,151992.06000000238,3218.0,190.0,2059.0,1167.109985
73,2018-01-21,64576.589999996126,3087.0,190.0,1905.0,1155.680054
74,2018-01-22,48246.4299999997,3025.0,130.0,1884.0,1089.099976
75,2018-01-23,45114.35999999941,2887.0,161.0,1739.0,1023.22998
76,2018-01-24,47900.10000000149,2674.0,185.0,1688.0,1062.439941
77,2018-01-25,38208.75,2252.0,92.0,1388.0,1104.660034
78,2018-01-26,49905.13000000268,2819.0,106.0,1837.0,1080.599976
79,2018-01-27,53967.6799999997,3140.0,246.0,2026.0,1121.97998
80,2018-01-28,70051.13000000268,2661.0,96.0,1628.0,1257.77002
81,2018-01-29,45014.11999999732,2474.0,132.0,1482.0,1256.699951
82,2018-01-30,56218.4299999997,2988.0,119.0,1979.0,1184.630005
83,2018-01-31,97162.7899999991,2858.0,122.0,1920.0,1128.660034
84,2018-02-01,33895.910000003874,2076.0,62.0,1409.0,1161.349976
85,2018-02-02,43020.73999999464,2496.0,72.0,1615.0,1035.77002
86,2018-02-03,36152.39999999851,2297.0,77.0,1456.0,991.942993
87,2018-02-04,31701.48000000417,2050.0,106.0,1319.0,969.031982
88,2018-02-05,30596.5,2385.0,89.0,1364.0,856.645996
89,2018-02-06,35568.78000000119,3335.0,134.0,2203.0,796.439026
90,2018-02-07,38566.40999999642,2899.0,134.0,1843.0,851.200012
91,2018-02-08,34114.95000000298,2760.0,185.0,1693.0,845.085999
92,2018-02-09,50757.64999999851,2831.0,132.0,1679.0,884.004028
93,2018-02-10,66447.6099999994,2118.0,84.0,1239.0,917.400024
94,2018-02-11,65646.0700000003,3426.0,97.0,2031.0,859.288025
95,2018-02-12,59011.60000000149,3241.0,146.0,2018.0,875.937012
96,2018-02-13,94300.6099999994,3722.0,125.0,2196.0,870.708984
97,2018-02-14,424754.9699999988,5649.0,171.0,2803.0,926.429016
98,2018-02-15,728423.1899999976,6400.0,171.0,3538.0,951.947998
99,2018-02-16,161661.15000000596,5473.0,185.0,3726.0,950.005005
100,2018-02-17,162439.37999999523,4241.0,107.0,2727.0,976.594971
101,2018-02-18,172501.41000000387,4430.0,101.0,2559.0,982.932983
102,2018-02-19,218123.7899999991,5017.0,158.0,3144.0,957.776978
103,2018-02-20,243136.8100000024,4549.0,106.0,3160.0,965.265015
104,2018-02-21,89463.20999999344,4032.0,133.0,2817.0,912.375
105,2018-02-22,82389.69000000507,3874.0,109.0,2721.0,875.926025
106,2018-02-23,123683.3599999994,4407.0,119.0,2989.0,886.317993
107,2018-02-24,164849.2899999991,8592.0,146.0,6416.0,879.531006
108,2018-02-25,123934.25,9135.0,96.0,7435.0,853.145996
109,2018-02-26,134732.25,6712.0,67.0,5117.0,880.392029
110,2018-02-27,167211.0399999991,8571.0,185.0,6178.0,896.258972
111,2018-02-28,127158.11999999732,7718.0,63.0,6125.0,890.107971
112,2018-03-01,93555.23000000416,5962.0,115.0,4520.0,880.302002
113,2018-03-02,79350.0399999991,4356.0,80.0,3151.0,876.377991
114,2018-03-03,85069.6400000006,4490.0,44.0,3252.0,868.453979
115,2018-03-04,219910.9900000021,5166.0,264.0,3881.0,867.950012
116,2018-03-05,131516.0399999991,4370.0,158.0,3410.0,869.919983
117,2018-03-06,118941.9299999997,3777.0,153.0,2488.0,853.817017
118,2018-03-07,169918.1099999994,5094.0,116.0,3258.0,825.606995
119,2018-03-08,99182.74000000209,6581.0,149.0,4915.0,773.767029
120,2018-03-09,91503.7899999991,6113.0,200.0,4787.0,729.156006
121,2018-03-10,96363.8900000006,9077.0,111.0,8017.0,748.031006
122,2018-03-11,63309.0700000003,4067.0,86.0,3021.0,735.830994
123,2018-03-12,69282.97999999672,4834.0,102.0,3081.0,742.513977
124,2018-03-13,63844.53999999911,3758.0,115.0,2815.0,713.734985
125,2018-03-14,57168.11999999732,4451.0,136.0,3183.0,702.783997
126,2018-03-15,40806.5,3936.0,101.0,2901.0,620.616028
127,2018-03-16,48250.1400000006,3129.0,109.0,2189.0,623.16803
128,2018-03-17,52152.460000000894,3766.0,116.0,2822.0,609.151001
129,2018-03-18,39804.35999999941,2824.0,62.0,2071.0,551.640015
130,2018-03-19,52406.85000000149,3127.0,137.0,2276.0,558.099976
131,2018-03-20,215658.4200000018,3061.0,207.0,1921.0,567.090027
132,2018-03-21,259925.5399999991,3381.0,297.0,1969.0,589.606995
133,2018-03-22,140031.9600000009,3402.0,212.0,2076.0,577.565979
134,2018-03-23,293098.9699999988,3156.0,136.0,1806.0,540.487
135,2018-03-24,118062.0,3176.0,168.0,1956.0,545.382019
136,2018-03-25,114474.61999999732,6329.0,140.0,5213.0,535.820984
137,2018-03-26,96734.75,3049.0,179.0,2022.0,526.379028
138,2018-03-27,105156.94000000508,3454.0,176.0,2138.0,491.459015
139,2018-03-28,190317.8999999985,3671.0,152.0,2701.0,466.210999
140,2018-03-29,89387.81000000238,3850.0,133.0,3013.0,450.812988
141,2018-03-30,214140.05999999493,5768.0,150.0,4700.0,409.928986
142,2018-03-31,79100.28000000119,3171.0,117.0,2157.0,418.467987
143,2018-04-01,74443.70000000298,2912.0,84.0,1937.0,400.528015
144,2018-04-02,61236.73999999464,3208.0,99.0,1993.0,395.17099
145,2018-04-03,77393.41000000387,3245.0,143.0,2166.0,418.967987
146,2018-04-04,50264.47999999672,2995.0,103.0,1962.0,417.471985
147,2018-04-05,63327.33000000566,2756.0,143.0,1732.0,387.716003
148,2018-04-06,68255.16999999434,3813.0,197.0,2477.0,385.195007
149,2018-04-07,42418.58000000566,2741.0,97.0,1686.0,393.05899
150,2018-04-08,71250.66999999434,7486.0,195.0,6212.0,402.589996
151,2018-04-09,48586.13000000268,5277.0,168.0,4181.0,429.251007
152,2018-04-10,53182.1799999997,3279.0,124.0,2274.0,415.888
153,2018-04-11,70790.77000000328,3470.0,180.0,2210.0,430.540009
154,2018-04-12,44221.25,2943.0,90.0,1789.0,493.058014
155,2018-04-13,92693.8200000003,6183.0,183.0,4577.0,526.469971
156,2018-04-14,85832.36999999732,4886.0,168.0,3693.0,512.023987
157,2018-04-15,91786.0799999982,3961.0,144.0,2791.0,531.702026
158,2018-04-16,61579.8200000003,3791.0,102.0,2648.0,534.197021
159,2018-04-17,85050.30000000447,5105.0,31.0,4009.0,518.031006
160,2018-04-18,67580.66999999434,4154.0,86.0,3262.0,525.09198
161,2018-04-19,60303.03999999911,3872.0,113.0,2989.0,567.888977
162,2018-04-20,49954.27000000328,4073.0,153.0,3208.0,618.715027
163,2018-04-21,46471.6799999997,2572.0,99.0,1722.0,621.888
164,2018-04-22,50701.990000002086,1816.0,107.0,1098.0,640.767029
165,2018-04-23,156815.1700000018,1864.0,263.0,1187.0,646.700012
166,2018-04-24,82697.29999999702,2221.0,146.0,1393.0,708.875
167,2018-04-25,94178.47999999672,2285.0,35.0,1335.0,707.062012
168,2018-04-26,61143.4299999997,1794.0,50.0,1139.0,663.18103
169,2018-04-27,60051.6400000006,3388.0,110.0,2326.0,684.867981
170,2018-04-28,60714.12000000477,5275.0,103.0,4493.0,691.442017
171,2018-04-29,101310.34999999404,9933.0,79.0,9230.0,697.755981
172,2018-04-30,108069.13000000268,3351.0,144.0,2612.0,694.439026
173,2018-05-01,69090.25,2248.0,210.0,1548.0,674.403015
174,2018-05-02,95314.98000000416,2107.0,140.0,1497.0,688.84198
175,2018-05-03,68109.0,1725.0,67.0,1174.0,784.341003
176,2018-05-04,85121.75999999791,2856.0,107.0,2187.0,803.745972
177,2018-05-05,88620.22999999672,3517.0,159.0,2912.0,827.455017
178,2018-05-06,61665.10000000149,2830.0,178.0,2157.0,835.057007
179,2018-05-07,58451.28000000119,2734.0,82.0,2041.0,795.757996
180,2018-05-08,80758.97999999672,3724.0,87.0,2833.0,774.249023
181,2018-05-09,56280.710000000894,2388.0,82.0,1817.0,759.528992
182,2018-05-10,54418.19000000507,2090.0,55.0,1497.0,766.747986
183,2018-05-11,72257.0399999991,2507.0,61.0,1768.0,736.97699
184,2018-05-12,38540.75999999792,2274.0,75.0,1638.0,691.411011
185,2018-05-13,44174.47999999672,1801.0,72.0,1234.0,741.312012
186,2018-05-14,28736.190000005063,1409.0,60.0,962.0,742.169983
187,2018-05-15,26534.75,1645.0,72.0,1109.0,739.052002
188,2018-05-16,43955.8900000006,2454.0,67.0,1733.0,710.200012
189,2018-05-17,52428.9299999997,3883.0,91.0,3328.0,718.833008
190,2018-05-18,52174.59999999404,3377.0,60.0,2843.0,695.031006
191,2018-05-19,45152.77000000328,3649.0,79.0,3060.0,715.578003
192,2018-05-20,53551.60999999941,2663.0,62.0,2054.0,723.752991
193,2018-05-21,29806.13000000268,1826.0,84.0,1272.0,719.278015
194,2018-05-22,30534.109999999404,1849.0,113.0,1417.0,700.976013
195,2018-05-23,28500.12999999523,1711.0,34.0,1341.0,651.635986
196,2018-05-24,36236.69000000507,3036.0,262.0,2185.0,610.817993
197,2018-05-25,46784.85999999941,2300.0,242.0,1249.0,617.185974
198,2018-05-26,42967.39999999851,2691.0,178.0,1957.0,606.174988
199,2018-05-27,36261.85000000149,2811.0,157.0,2110.0,590.328003
200,2018-05-28,45151.310000002384,2093.0,67.0,1463.0,576.049011
201,2018-05-29,48930.72999999672,4111.0,140.0,3502.0,572.263977
202,2018-05-30,59990.28999999911,4535.0,143.0,3812.0,583.135986
203,2018-05-31,43862.45000000298,3350.0,241.0,2679.0,585.538025
204,2018-06-01,34377.47999999672,2879.0,54.0,2110.0,589.093018
205,2018-06-02,47959.10000000149,2913.0,116.0,2359.0,597.077026
206,2018-06-03,58762.21999999881,2328.0,109.0,1830.0,624.513
207,2018-06-04,47920.45000000298,2191.0,108.0,1719.0,623.429016
208,2018-06-05,55967.53000000119,2514.0,58.0,1963.0,611.330017
209,2018-06-06,53921.64999999851,2011.0,111.0,1380.0,611.643005
210,2018-06-07,62943.35999999941,2173.0,62.0,1552.0,616.143982
211,2018-06-08,67749.68999999762,2064.0,110.0,1469.0,608.810974
212,2018-06-09,35669.67000000179,2781.0,69.0,2208.0,608.583008
213,2018-06-10,40694.1400000006,2065.0,36.0,1608.0,594.344971
214,2018-06-11,42601.189999997616,3381.0,169.0,2864.0,536.857971
215,2018-06-12,36981.38000000268,2903.0,147.0,2296.0,538.955017
216,2018-06-13,51268.92000000179,2272.0,83.0,1671.0,501.904999
217,2018-06-14,45763.28999999911,1926.0,132.0,1556.0,523.544983
218,2018-06-15,50514.48999999464,5253.0,82.0,4665.0,521.304993
219,2018-06-16,28467.72000000626,2356.0,38.0,1978.0,503.222992
220,2018-06-17,56671.25,2435.0,79.0,2004.0,507.640991
221,2018-06-18,95030.38999999316,2755.0,72.0,2155.0,521.796021
222,2018-06-19,91900.6700000018,2764.0,160.0,2152.0,542.353027
223,2018-06-20,44427.8200000003,1975.0,72.0,1358.0,541.015015
224,2018-06-21,63438.73000000417,3089.0,221.0,2498.0,543.71698
225,2018-06-22,58163.05999999493,5237.0,152.0,4365.0,527.19397
226,2018-06-23,46052.340000003576,3028.0,112.0,2334.0,479.128998
227,2018-06-24,52651.9299999997,3043.0,73.0,2445.0,475.359009
228,2018-06-25,44047.22999999672,2574.0,119.0,1960.0,470.343994
229,2018-06-26,38696.740000002086,2324.0,72.0,1727.0,461.213013
230,2018-06-27,35226.6799999997,2428.0,55.0,1839.0,444.243011
231,2018-06-28,39925.96999999881,2633.0,59.0,2057.0,443.618011
232,2018-06-29,58444.88000000268,3298.0,65.0,2576.0,441.792999
233,2018-06-30,33084.78000000119,2422.0,56.0,2066.0,458.796997
234,2018-07-01,18387.85000000149,1333.0,82.0,1072.0,457.139008
235,2018-07-02,17236.459999993443,699.0,38.0,573.0,479.130005
236,2018-07-03,29030.760000005364,625.0,37.0,461.0,483.854004
237,2018-07-04,103462.62999999525,755.0,50.0,609.0,481.436005
238,2018-07-05,32640.12000000477,1008.0,89.0,703.0,483.225006
239,2018-07-06,22368.969999998808,1716.0,47.0,1492.0,479.652008
240,2018-07-07,16679.179999999702,1266.0,64.0,1128.0,491.660004
241,2018-07-08,19674.14999999851,1785.0,63.0,1447.0,503.199005
242,2018-07-09,34382.439999997616,2797.0,59.0,2410.0,490.85199
243,2018-07-10,31866.73000000417,2047.0,59.0,1671.0,478.317993
244,2018-07-11,40077.710000000894,2421.0,68.0,1792.0,447.31601
245,2018-07-12,42940.69999999553,2988.0,63.0,2475.0,446.502014
246,2018-07-13,45870.33000000566,3820.0,109.0,3340.0,442.363007
247,2018-07-14,18685.72999999672,1616.0,22.0,1380.0,439.43399
248,2018-07-15,31881.97999999672,1484.0,102.0,1156.0,454.001007
249,2018-07-16,53515.55000000447,2185.0,25.0,1738.0,480.65799
250,2018-07-17,41337.65999999642,1924.0,85.0,1417.0,508.779999
251,2018-07-18,49034.75,1882.0,84.0,1366.0,513.432983
252,2018-07-19,36282.05000000447,2303.0,67.0,1482.0,483.23999
253,2018-07-20,28447.969999998808,1910.0,114.0,1225.0,469.307007
254,2018-07-21,30553.019999995828,2259.0,111.0,1786.0,468.083008
255,2018-07-22,52386.960000000894,2292.0,83.0,1712.0,470.89801
256,2018-07-23,44940.76000000536,2548.0,157.0,1702.0,469.765991
257,2018-07-24,52700.30999999493,1921.0,100.0,1337.0,481.141998
258,2018-07-25,41785.35999999941,2501.0,128.0,1994.0,482.868011
259,2018-07-26,43231.960000000894,3437.0,18.0,2788.0,483.696014
260,2018-07-27,415914.4200000018,4152.0,133.0,3480.0,473.221985
261,2018-07-28,897554.1400000006,3147.0,67.0,2581.0,471.593994
262,2018-07-29,31039.039999999102,2248.0,77.0,1692.0,470.355988
263,2018-07-30,174032.52000000328,1862.0,42.0,1370.0,467.951996
264,2018-07-31,94238.6400000006,2074.0,192.0,1531.0,457.244995
265,2018-08-01,34298.77999999374,2561.0,142.0,2075.0,435.457001
266,2018-08-02,232997.8100000024,2369.0,124.0,1713.0,425.033997
267,2018-08-03,46501.82999999821,1777.0,116.0,1197.0,420.549011
268,2018-08-04,53906.35000000149,2013.0,111.0,1343.0,420.186005
269,2018-08-05,57943.14999999851,1847.0,175.0,1142.0,413.716003
270,2018-08-06,44456.39999999851,1621.0,94.0,987.0,414.540009
271,2018-08-07,53035.08000000566,1421.0,99.0,931.0,411.404999
272,2018-08-08,34417.109999999404,1484.0,13.0,1186.0,380.67099
273,2018-08-09,33352.42000000179,1409.0,47.0,1073.0,370.946014
274,2018-08-10,21380.5,1491.0,61.0,1064.0,367.045013
275,2018-08-11,20737.509999997917,1871.0,14.0,1287.0,334.264008
276,2018-08-12,22081.789999999102,2161.0,46.0,1525.0,328.589996
277,2018-08-13,29319.04999999702,2251.0,64.0,1652.0,323.550995
278,2018-08-14,74766.09000000358,2708.0,159.0,2004.0,286.36499
279,2018-08-15,60705.21999999881,3014.0,152.0,2388.0,303.589996
280,2018-08-16,48935.490000002086,3656.0,175.0,2899.0,298.476013
281,2018-08-17,57359.53999999911,5069.0,106.0,4247.0,316.170013
282,2018-08-18,91949.0799999982,6522.0,132.0,4999.0,320.446014
283,2018-08-19,75572.8200000003,7076.0,75.0,5917.0,307.097992
284,2018-08-20,48988.28000000119,3614.0,62.0,2605.0,304.372009
285,2018-08-21,82266.9299999997,3583.0,143.0,2648.0,285.970001
286,2018-08-22,51169.61999999732,2536.0,26.0,1936.0,297.485992
287,2018-08-23,100229.60000000148,4129.0,151.0,3194.0,279.54599
288,2018-08-24,93733.8200000003,5265.0,120.0,4206.0,283.302002
289,2018-08-25,157979.81000000238,4909.0,56.0,3814.0,283.515015
290,2018-08-26,49181.53000000119,3686.0,17.0,2969.0,279.524994
291,2018-08-27,63076.20999999344,4922.0,66.0,4204.0,285.602997
292,2018-08-28,78561.86000000685,4107.0,87.0,3262.0,297.399994
293,2018-08-29,68989.30999999493,4946.0,68.0,3882.0,297.071014
294,2018-08-30,66675.7899999991,8273.0,91.0,7111.0,291.243011
295,2018-08-31,80310.94000000507,10452.0,144.0,9310.0,284.550995
296,2018-09-01,78030.2100000009,9428.0,68.0,8300.0,301.144012
297,2018-09-02,75060.70999999344,7954.0,144.0,6880.0,298.686005
298,2018-09-03,75645.92000000179,7259.0,130.0,6262.0,295.591003
299,2018-09-04,226032.7400000021,4942.0,53.0,4035.0,291.579987
300,2018-09-05,94320.2199999988,5548.0,197.0,4368.0,288.162994
301,2018-09-06,51699.89999999851,7238.0,224.0,5868.0,231.755005
302,2018-09-07,75842.5399999991,7929.0,140.0,6345.0,233.895996
303,2018-09-08,98070.79000000656,6100.0,109.0,4702.0,220.367004
304,2018-09-09,88190.83999999613,9153.0,117.0,7396.0,207.666
305,2018-09-10,150169.77000000328,8053.0,118.0,6709.0,201.882996
306,2018-09-11,80401.8900000006,10900.0,130.0,9175.0,198.505997
307,2018-09-12,159701.40999999642,9830.0,75.0,8157.0,185.587006
308,2018-09-13,163296.3299999982,4450.0,110.0,3120.0,214.001999
309,2018-09-14,147036.76000000536,4769.0,162.0,3384.0,222.794006
310,2018-09-15,103285.4699999988,3798.0,76.0,2729.0,226.604004
311,2018-09-16,176994.8200000003,3222.0,56.0,2382.0,222.802994
312,2018-09-17,68171.6099999994,3862.0,50.0,3018.0,224.261002
313,2018-09-18,88607.78000000119,4251.0,97.0,3136.0,213.356995
314,2018-09-19,116355.9299999997,5355.0,52.0,4385.0,213.871002
315,2018-09-20,98607.43999999762,4417.0,46.0,3633.0,224.817993
316,2018-09-21,157909.7899999991,5320.0,143.0,4543.0,248.388
317,2018-09-22,67198.71999999881,7094.0,101.0,6224.0,251.195999
318,2018-09-23,204076.7899999991,5515.0,56.0,4572.0,247.464005
319,2018-09-24,85643.27000000328,4863.0,123.0,3908.0,245.108002
320,2018-09-25,65091.0700000003,4778.0,216.0,3724.0,228.326996
321,2018-09-26,81262.4600000009,5883.0,245.0,4825.0,221.436996
322,2018-09-27,102953.5799999982,6231.0,136.0,5027.0,230.606995
323,2018-09-28,49563.29999999702,3660.0,56.0,2805.0,231.748001
324,2018-09-29,84174.6799999997,4270.0,54.0,3366.0,234.014008
325,2018-09-30,51870.810000002384,4996.0,96.0,4162.0,236.985992
326,2018-10-01,72120.8599999994,4399.0,88.0,3799.0,234.145004
327,2018-10-02,87807.7899999991,3133.0,67.0,2503.0,231.167007
328,2018-10-03,156275.69000000507,3768.0,62.0,2997.0,226.457993
329,2018-10-04,119210.93999999762,4343.0,136.0,3606.0,226.147995
330,2018-10-05,116960.5300000012,7423.0,65.0,6307.0,228.319
331,2018-10-06,74956.05999999493,4459.0,61.0,3648.0,227.925995
332,2018-10-07,83187.54000000656,4497.0,72.0,3518.0,226.369995
333,2018-10-08,60201.25,4246.0,60.0,3322.0,230.764999
334,2018-10-09,74205.16999999434,3700.0,88.0,2823.0,230.160995
335,2018-10-10,90668.08000000566,4321.0,40.0,3331.0,227.707001
336,2018-10-11,140531.76999999583,6296.0,57.0,5367.0,225.610001
337,2018-10-12,169831.9699999988,4699.0,49.0,3817.0,199.401001
338,2018-10-13,128824.09000000358,3963.0,76.0,3072.0,201.279007
339,2018-10-14,69744.7899999991,3315.0,39.0,2590.0,201.826996
340,2018-10-15,94236.39999999852,3116.0,41.0,2389.0,222.117996
341,2018-10-16,52053.8200000003,3368.0,50.0,2488.0,212.173004
342,2018-10-17,85617.0700000003,5520.0,60.0,4508.0,211.125
343,2018-10-18,99008.2199999988,3487.0,38.0,2596.0,208.470001
344,2018-10-19,79396.12000000477,8085.0,46.0,6629.0,204.662994
345,2018-10-20,51127.80999999493,4665.0,89.0,3695.0,206.222
346,2018-10-21,47628.910000003874,5497.0,86.0,4685.0,208.154999
347,2018-10-22,187443.51999999583,4224.0,14.0,3578.0,206.932007
348,2018-10-23,96075.4699999988,5205.0,53.0,4318.0,205.151001
349,2018-10-24,92851.9200000018,4289.0,93.0,3203.0,205.580994
350,2018-10-25,59969.12000000477,3555.0,55.0,2754.0,204.132004
351,2018-10-26,53668.97999999672,4587.0,43.0,3812.0,204.779999
352,2018-10-27,58191.17000000179,5444.0,65.0,4505.0,206.082001
353,2018-10-28,61383.80999999493,4289.0,33.0,3385.0,205.919006
354,2018-10-29,62847.23000000417,4287.0,67.0,3490.0,205.597
355,2018-10-30,127804.06000000238,3810.0,76.0,3007.0,198.121994
356,2018-10-31,40473.4299999997,3745.0,127.0,2859.0,198.337997
357,2018-11-01,105853.4299999997,3948.0,140.0,2911.0,203.753998
358,2018-11-02,121286.9299999997,3844.0,96.0,2866.0,201.268997
359,2018-11-03,47648.32999999821,4622.0,110.0,3745.0,200.740005
360,2018-11-04,58542.9299999997,4723.0,169.0,3707.0,211.272003
361,2018-11-05,274669.8500000015,4453.0,95.0,3500.0,210.819
362,2018-11-06,99670.12999999525,3780.0,95.0,2865.0,218.451996
363,2018-11-07,137558.9600000009,5183.0,28.0,4467.0,221.651993
364,2018-11-08,103076.91000000387,3756.0,82.0,2802.0,218.337997
365,2018-11-09,78880.19999999553,3554.0,91.0,2657.0,213.315994
366,2018-11-10,66514.69000000507,4082.0,85.0,3277.0,213.856995
367,2018-11-11,232306.8999999985,4138.0,91.0,3409.0,212.998993
368,2018-11-12,96732.5,3985.0,59.0,3154.0,212.623001
369,2018-11-13,159303.93999999762,5317.0,31.0,4263.0,210.514999
370,2018-11-14,137231.9600000009,5480.0,182.0,4409.0,207.044998
371,2018-11-15,125154.36999999732,10241.0,65.0,8715.0,184.251007
372,2018-11-16,92431.38000000268,6584.0,85.0,5451.0,181.350006
373,2018-11-17,39650.960000000894,4875.0,52.0,3963.0,175.850998
374,2018-11-18,58154.990000002086,4623.0,59.0,3582.0,179.151993
375,2018-11-19,102880.7800000012,4089.0,41.0,3323.0,177.179001
376,2018-11-20,69477.90999999642,4032.0,85.0,3225.0,151.253006
377,2018-11-21,40849.6400000006,6435.0,63.0,5437.0,138.889999
378,2018-11-22,53219.97999999672,6627.0,79.0,5497.0,137.740005
379,2018-11-23,69417.98000000417,4612.0,72.0,3691.0,127.028
380,2018-11-24,48888.589999996126,4544.0,33.0,3716.0,126.788002
381,2018-11-25,31788.469999998808,5181.0,55.0,4374.0,118.880997
382,2018-11-26,50864.40000000596,5978.0,185.0,4832.0,118.200996
383,2018-11-27,45309.4299999997,6138.0,100.0,5085.0,111.842003
384,2018-11-28,50038.01999999583,5129.0,63.0,4115.0,126.047997
385,2018-11-29,98224.91000000387,4627.0,209.0,3721.0,123.229721
386,2018-11-30,104272.51999999584,6103.0,156.0,5112.0,119.423767
387,2018-12-01,59106.25,10880.0,101.0,9462.0,120.841454
388,2018-12-02,54414.410000003874,7487.0,82.0,6520.0,120.56205
389,2018-12-03,35403.11999999732,7209.0,79.0,6075.0,116.619064
390,2018-12-04,44175.63000000268,6327.0,98.0,5323.0,113.142914
391,2018-12-05,57049.490000002086,13724.0,151.0,4622.0,110.59861
392,2018-12-06,35210.75,5644.0,53.0,4489.0,104.103493
393,2018-12-07,34289.1799999997,6441.0,133.0,4164.0,96.089844
394,2018-12-08,63034.77999999374,4289.0,68.0,2560.0,97.059883
395,2018-12-09,43138.87000000477,4475.0,47.0,3277.0,98.900032
396,2018-12-10,30903.969999998808,3115.0,69.0,2004.0,96.257301
397,2018-12-11,167012.33999999613,3562.0,93.0,2549.0,92.782326
398,2018-12-12,877778.1100000069,4104.0,138.0,3005.0,92.240555
399,2018-12-13,44347.21999999881,5377.0,60.0,4315.0,91.111603
400,2018-12-14,183743.8299999982,4860.0,55.0,3681.0,87.144943
401,2018-12-15,113785.75,6438.0,94.0,5175.0,85.342743
402,2018-12-16,194280.6899999976,6041.0,66.0,4933.0,87.568123
403,2018-12-17,54080.35999999941,4716.0,31.0,3878.0,96.805054
404,2018-12-18,63252.96999999881,3770.0,97.0,2881.0,101.320236
405,2018-12-19,389303.0600000024,4075.0,16.0,3139.0,108.549057
406,2018-12-20,1070599.3700000048,4975.0,123.0,3899.0,117.170128
407,2018-12-21,2892004.5600000024,7135.0,281.0,6269.0,119.094162
408,2018-12-22,599099.6899999976,4024.0,126.0,3153.0,116.759499
409,2018-12-23,1181085.1099999994,7018.0,227.0,5936.0,133.075302
410,2018-12-24,69996.15999999642,3948.0,82.0,3026.0,157.668701
411,2018-12-25,66895.28000000119,3173.0,49.0,2373.0,140.997589
412,2018-12-26,25840.87000000477,2962.0,54.0,2165.0,136.677246
413,2018-12-27,28547.059999987483,2879.0,66.0,2144.0,132.677063
414,2018-12-28,59284.22000001371,3247.0,65.0,2352.0,137.647018
415,2018-12-29,25253.92999999225,3148.0,50.0,2219.0,147.034332
416,2018-12-30,60974.12000000477,3086.0,101.0,2374.0,140.689087
417,2018-12-31,56533.789999991655,3355.0,41.0,2614.0,140.181152
418,2019-01-01,21230.77000001073,2467.0,61.0,1757.0,141.397507
419,2019-01-02,27902.12999999523,2691.0,142.0,1919.0,156.929138
420,2019-01-03,45078.90000000596,2747.0,86.0,1926.0,155.863052
421,2019-01-04,52969.81999999285,2748.0,79.0,1963.0,156.878983
422,2019-01-05,29308.819999992847,2858.0,64.0,2112.0,160.82489
423,2019-01-06,733257.450000003,2760.0,36.0,1919.0,159.371445
424,2019-01-07,37282.189999997616,3150.0,72.0,2181.0,158.450424
425,2019-01-08,55894.70000000298,2380.0,67.0,1603.0,153.625778
426,2019-01-09,41106.310000002384,2522.0,20.0,1775.0,153.622253
427,2019-01-10,45551.95000000298,3921.0,111.0,2306.0,152.14827
428,2019-01-11,60187.37000000477,8126.0,84.0,6351.0,130.165939
429,2019-01-12,70754.77999998629,5905.0,51.0,4685.0,128.666122
430,2019-01-13,90253.76000000536,5607.0,72.0,4205.0,126.267876
431,2019-01-14,92374.48999999464,4466.0,48.0,3285.0,130.856735
432,2019-01-15,32156.660000011325,4266.0,158.0,3228.0,130.743561
433,2019-01-16,59166.54999999702,4405.0,81.0,3403.0,127.118248
434,2019-01-17,45307.62000000477,3792.0,24.0,2645.0,124.270721
435,2019-01-18,57345.039999991655,4517.0,58.0,3447.0,123.84169
436,2019-01-19,41550.54999999702,4278.0,196.0,3012.0,125.904228
437,2019-01-20,64925.51000000536,4746.0,81.0,3096.0,125.070389
438,2019-01-21,33398.510000005364,4265.0,48.0,3037.0,119.715439
439,2019-01-22,24005.809999987483,2523.0,93.0,1620.0,119.664345
440,2019-01-23,27642.060000002384,3054.0,110.0,1953.0,119.422798
441,2019-01-24,28393.469999998808,3847.0,128.0,2885.0,118.032104
442,2019-01-25,45729.27000001073,3327.0,160.0,2191.0,117.802994
443,2019-01-26,36375.31999999285,7525.0,125.0,5883.0,118.084114
444,2019-01-27,62065.20000000298,6951.0,79.0,5592.0,116.68541
445,2019-01-28,60028.12999999523,4655.0,150.0,3462.0,113.688232
446,2019-01-29,26150.280000001192,3322.0,51.0,2143.0,107.165787
447,2019-01-30,889778.8299999982,3385.0,88.0,2252.0,109.45298
448,2019-01-31,27841.780000001192,2987.0,28.0,2082.0,110.458359
449,2019-02-01,32054.180000007156,3886.0,123.0,2587.0,108.63871
450,2019-02-02,36515.189999997616,4150.0,174.0,3136.0,110.653877
451,2019-02-03,40721.45000000298,4733.0,201.0,3510.0,110.827354
452,2019-02-04,32854.57999999821,3278.0,90.0,2172.0,108.701035
453,2019-02-05,54271.29999999702,3000.0,132.0,1989.0,108.134789
454,2019-02-06,53352.310000002384,2559.0,140.0,1655.0,107.569305
455,2019-02-07,34711.409999996424,2848.0,168.0,1988.0,106.058876
456,2019-02-08,28486.090000003576,3199.0,109.0,2413.0,119.805817
457,2019-02-09,26156.45000000298,6051.0,101.0,4650.0,120.689735
458,2019-02-10,54097.67999999225,5688.0,55.0,4372.0,124.853622
459,2019-02-11,46096.590000003576,4602.0,50.0,3148.0,124.871536
460,2019-02-12,27388.719999998808,3903.0,65.0,2617.0,123.4683
461,2019-02-13,26472.359999999404,3799.0,52.0,2482.0,125.550697
462,2019-02-14,32800.29000000656,4689.0,39.0,3465.0,124.451988
463,2019-02-15,33938.57999999821,3707.0,103.0,2567.0,123.660126
464,2019-02-16,29194.969999998808,6631.0,213.0,5183.0,124.134811
465,2019-02-17,60712.92999999225,5263.0,174.0,3773.0,134.460098
466,2019-02-18,37771.460000008345,4490.0,37.0,3310.0,147.686584
467,2019-02-19,60098.59999999404,2631.0,69.0,1583.0,149.929977
468,2019-02-20,59275.87000000477,3035.0,50.0,1845.0,149.554337
469,2019-02-21,54040.5,3654.0,53.0,2227.0,149.352325
470,2019-02-22,42213.62000000477,4405.0,74.0,3053.0,149.268616
471,2019-02-23,37771.789999991655,4924.0,28.0,3458.0,159.12587
472,2019-02-24,33497.62999999523,4047.0,42.0,3099.0,165.549622
473,2019-02-25,40106.67000000179,4186.0,79.0,3240.0,142.525574
474,2019-02-26,56533.8900000006,4519.0,142.0,3541.0,139.97644
475,2019-02-27,57854.87000000477,2876.0,233.0,1875.0,141.336227
476,2019-02-28,44413.26999999583,2512.0,66.0,1501.0,138.847137
477,2019-03-01,56163.10000000894,3732.0,115.0,2488.0,138.99527
478,2019-03-02,95353.1099999994,5541.0,72.0,4030.0,137.184799
479,2019-03-03,60942.45999999344,6954.0,85.0,5461.0,135.849289
480,2019-03-04,90215.70000000298,5208.0,96.0,4054.0,132.729141
481,2019-03-05,97104.09000000358,4824.0,116.0,3553.0,138.22998
482,2019-03-06,68569.37999999523,5213.0,61.0,3840.0,139.968826
483,2019-03-07,58118.62999999523,5717.0,115.0,4559.0,140.85788
484,2019-03-08,79207.21000000834,6624.0,47.0,5109.0,139.4991
485,2019-03-09,69314.81000000238,6257.0,142.0,4844.0,139.119415
486,2019-03-10,80939.61999998987,4747.0,103.0,3448.0,138.270309
487,2019-03-11,53162.79000000656,4063.0,92.0,2623.0,137.353409
488,2019-03-12,110183.0,4497.0,152.0,2908.0,135.273468
489,2019-03-13,61884.689999997616,3970.0,51.0,2664.0,134.611771
490,2019-03-14,76794.51000000536,3916.0,193.0,2687.0,135.180847
491,2019-03-15,70512.29999999702,4611.0,100.0,3017.0,138.395142
492,2019-03-16,62826.96999999881,7442.0,78.0,5770.0,144.558441
493,2019-03-17,83934.84000000358,6654.0,121.0,5216.0,142.371918
494,2019-03-18,72915.26999999583,5289.0,95.0,4039.0,142.267212
495,2019-03-19,67326.93999999762,5073.0,108.0,3726.0,140.989059
496,2019-03-20,66575.26000000536,4936.0,72.0,3504.0,140.945572
497,2019-03-21,54244.15999999642,4505.0,125.0,2840.0,141.003235
498,2019-03-22,55266.17000000179,4993.0,160.0,3328.0,138.794296
499,2019-03-23,79448.78999999166,6144.0,81.0,4778.0,139.385391
500,2019-03-24,91724.1700000018,6325.0,82.0,4937.0,138.37561
501,2019-03-25,64577.65000000596,5310.0,137.0,3805.0,137.695343
502,2019-03-26,81376.32999999821,4857.0,90.0,3238.0,135.460358
503,2019-03-27,51669.28000000119,4502.0,100.0,3065.0,141.07547
504,2019-03-28,115433.51999999584,4160.0,148.0,2633.0,141.007935
505,2019-03-29,113062.62000000475,26709.0,242.0,25221.0,142.54924
506,2019-03-30,72013.78000000119,9617.0,194.0,7714.0,149.613235
507,2019-03-31,78358.06999999285,10872.0,22.0,8875.0,142.189209
508,2019-04-01,98319.3599999994,8093.0,91.0,6650.0,142.733994
509,2019-04-02,118697.34000000358,5479.0,188.0,4017.0,165.226822
510,2019-04-03,70291.98999999464,4315.0,137.0,3221.0,178.322052
511,2019-04-04,91896.79000000656,3869.0,125.0,2662.0,164.929214
512,2019-04-05,75902.31000000238,3741.0,68.0,2670.0,167.220383
513,2019-04-06,56579.060000002384,4295.0,21.0,3120.0,172.515778
514,2019-04-07,66655.3599999994,4072.0,81.0,3024.0,175.213165
515,2019-04-08,61406.689999997616,2917.0,128.0,1959.0,184.377853
516,2019-04-09,62896.810000002384,3363.0,96.0,2433.0,180.254227
517,2019-04-10,54315.78000000119,3559.0,79.0,2691.0,183.134277
518,2019-04-11,62231.5,3080.0,158.0,2275.0,177.487488
519,2019-04-12,75108.84999999404,3738.0,201.0,2822.0,166.127518
520,2019-04-13,62817.960000008345,6560.0,90.0,5300.0,166.362427
521,2019-04-14,44330.89999999106,7267.0,170.0,6093.0,168.591034
522,2019-04-15,98547.3299999982,3777.0,74.0,2882.0,168.818451
523,2019-04-16,60276.74000000954,3972.0,63.0,2963.0,167.666321
524,2019-04-17,41497.75,4397.0,73.0,3199.0,168.938583
525,2019-04-18,47155.00999999046,4470.0,152.0,3289.0,175.365326
526,2019-04-19,53069.92000000179,5067.0,87.0,4063.0,173.978897
527,2019-04-20,45927.40999999642,4676.0,94.0,3504.0,176.705811
528,2019-04-21,60301.01000000536,4559.0,61.0,3585.0,174.420776
529,2019-04-22,42453.8900000006,3986.0,55.0,3096.0,173.069122
530,2019-04-23,49686.51999999583,3806.0,103.0,2798.0,176.850784
531,2019-04-24,101817.5,3852.0,85.0,2697.0,171.573212
532,2019-04-25,44332.87000000477,3952.0,86.0,2950.0,166.513412
533,2019-04-26,50329.71999999881,3675.0,115.0,2782.0,158.029007
534,2019-04-27,71358.90000000596,4647.0,100.0,3375.0,160.589417
535,2019-04-28,46939.80999998748,4637.0,117.0,3429.0,159.565384
536,2019-04-29,40105.68000000715,3854.0,103.0,2789.0,158.333923
537,2019-04-30,205700.3900000006,4081.0,134.0,2974.0,162.432251
538,2019-05-01,44482.07999999821,5270.0,127.0,3938.0,164.060684
539,2019-05-02,69420.18000000715,4850.0,42.0,3643.0,162.937012
540,2019-05-03,50005.25999999046,4183.0,145.0,3192.0,170.068741
541,2019-05-04,43925.01000000536,4905.0,263.0,3648.0,170.645935
542,2019-05-05,55721.090000003576,4394.0,101.0,3335.0,165.399979
543,2019-05-06,38256.91999998689,3687.0,118.0,2563.0,175.760101
544,2019-05-07,37814.60000000894,2305.0,193.0,1356.0,180.394409
545,2019-05-08,53232.37999999523,4122.0,152.0,3210.0,172.183548
546,2019-05-09,42059.99000000954,4157.0,159.0,2967.0,172.880402
547,2019-05-10,87380.29999999702,5480.0,195.0,4128.0,175.885269
548,2019-05-11,49348.56999999285,7321.0,145.0,6090.0,203.466644
549,2019-05-12,63565.98000000417,5498.0,162.0,4434.0,201.881485
550,2019-05-13,71247.65000000596,4689.0,210.0,3677.0,205.098267
551,2019-05-14,39739.64999999106,3902.0,151.0,2834.0,217.874649
552,2019-05-15,70573.96000000834,2454.0,97.0,1576.0,247.446594
553,2019-05-16,48282.96999999881,2255.0,85.0,1184.0,275.39444
554,2019-05-17,123850.48999999464,3503.0,167.0,2597.0,266.979614
555,2019-05-18,117575.8299999982,3708.0,207.0,2641.0,246.362762
556,2019-05-19,86911.12999999523,3780.0,184.0,2690.0,263.740997
557,2019-05-20,100842.38000001012,3417.0,206.0,2484.0,261.55127
558,2019-05-21,96396.1099999994,3227.0,192.0,2156.0,262.107544
559,2019-05-22,75977.40999999642,3282.0,40.0,1941.0,258.801849
560,2019-05-23,80325.67000000179,3010.0,119.0,1831.0,247.616638
561,2019-05-24,168425.73000000417,4349.0,220.0,2948.0,255.259338
562,2019-05-25,91808.04999999702,5078.0,80.0,3736.0,257.356842
563,2019-05-26,72852.87000000477,4814.0,189.0,3528.0,269.166534
564,2019-05-27,186686.2199999988,4551.0,113.0,3012.0,278.507263
565,2019-05-28,100011.6400000006,5268.0,111.0,3970.0,274.320831
566,2019-05-29,70734.22999998927,4784.0,194.0,3422.0,273.756287
567,2019-05-30,65906.96999999881,5831.0,135.0,4159.0,287.20163
568,2019-05-31,86343.44000001252,4680.0,49.0,3334.0,268.659943
569,2019-06-01,48083.19999998808,2907.0,92.0,1963.0,273.557983
570,2019-06-02,66803.70000000298,3001.0,145.0,1999.0,272.80722
571,2019-06-03,113945.8900000006,2939.0,57.0,1826.0,270.334106
572,2019-06-04,43767.26999999583,2487.0,96.0,1456.0,252.511642
573,2019-06-05,56046.090000003576,3232.0,68.0,1829.0,248.138138
574,2019-06-06,57393.35000000894,2685.0,70.0,1362.0,249.944504
575,2019-06-07,105324.16999998689,3856.0,159.0,2381.0,254.352295
576,2019-06-08,35722.78000000119,3133.0,57.0,2142.0,252.377396
577,2019-06-09,48549.03000000119,4790.0,121.0,3406.0,245.972824
578,2019-06-10,48517.01000000536,3030.0,93.0,1829.0,247.66217
579,2019-06-11,42960.0,3601.0,132.0,2220.0,248.662582
580,2019-06-12,68476.8599999994,3825.0,172.0,1941.0,261.017578
581,2019-06-13,80523.93999999762,4269.0,119.0,2181.0,262.163116
582,2019-06-14,64394.98000000417,3426.0,137.0,2200.0,265.371399
583,2019-06-15,58616.76999999583,3394.0,95.0,2276.0,271.505585
584,2019-06-16,74932.82000000775,4091.0,109.0,2762.0,278.143188
585,2019-06-17,50185.54999999702,3029.0,80.0,1899.0,275.442566
586,2019-06-18,135096.0,3032.0,68.0,1731.0,274.320251
587,2019-06-19,116396.11999998988,2944.0,201.0,1695.0,270.333374
588,2019-06-20,75648.92000000179,2244.0,105.0,1370.0,274.073517
589,2019-06-21,179175.18000000715,3286.0,214.0,2020.0,295.303314
590,2019-06-22,120809.53999999166,3870.0,192.0,2514.0,315.189728
591,2019-06-23,55394.73000000417,3760.0,126.0,2378.0,318.565674
592,2019-06-24,124893.32000000776,3799.0,194.0,2591.0,312.329346
593,2019-06-25,46860.82999999821,2839.0,44.0,1908.0,318.126312
594,2019-06-26,75130.26999999583,2781.0,94.0,1748.0,361.398682
595,2019-06-27,43120.70000000298,1790.0,129.0,845.0,343.433441
596,2019-06-28,43877.17999999225,1832.0,126.0,1075.0,313.031555
597,2019-06-29,62828.19000001252,2854.0,50.0,1880.0,322.043549
598,2019-06-30,39523.25,2010.0,68.0,1224.0,322.789581
599,2019-07-01,25045.94999998808,1501.0,65.0,888.0,301.026154
600,2019-07-02,30654.07999999821,1518.0,67.0,890.0,295.655853
601,2019-07-03,37113.73000000417,1747.0,47.0,936.0,303.342041
602,2019-07-04,56025.79000000656,2529.0,112.0,1550.0,303.961151
603,2019-07-05,52034.92999999225,2124.0,149.0,1461.0,293.921143
604,2019-07-06,29386.54000000656,3049.0,85.0,2094.0,295.991425
605,2019-07-07,53171.95999999344,2885.0,50.0,1971.0,310.139313
606,2019-07-08,53150.63000001013,2583.0,97.0,1552.0,314.267883
607,2019-07-09,67212.09999999404,2951.0,139.0,1489.0,318.223114
608,2019-07-10,89975.09999999404,2667.0,78.0,1584.0,313.069458
609,2019-07-11,58449.62000000477,1897.0,86.0,1143.0,290.021057
610,2019-07-12,35986.96999999881,2441.0,113.0,1599.0,278.855591
611,2019-07-13,42663.37000000477,2786.0,39.0,1952.0,276.685242
612,2019-07-14,55113.340000003576,2715.0,13.0,1873.0,269.641235
613,2019-07-15,69290.22999998927,2520.0,75.0,1690.0,235.02565
614,2019-07-16,45150.840000003576,1162.0,49.0,696.0,234.51384
615,2019-07-17,62322.1400000006,2755.0,73.0,1935.0,217.975632
616,2019-07-18,58102.35999999941,4327.0,87.0,2899.0,229.239395
617,2019-07-19,27473.209999993443,2979.0,81.0,2119.0,226.940475
618,2019-07-20,36365.49000000954,4779.0,102.0,3588.0,234.198456
619,2019-07-21,37023.45999999344,4772.0,72.0,3891.0,229.861664
620,2019-07-22,36341.51000000536,3486.0,78.0,2683.0,226.862579
621,2019-07-23,32680.15000000596,3692.0,104.0,2918.0,218.518051
622,2019-07-24,25498.09999999404,2849.0,147.0,2009.0,217.535431
623,2019-07-25,24199.010000005364,2553.0,49.0,1876.0,224.254196
624,2019-07-26,32660.819999992847,4091.0,99.0,3316.0,220.236389
625,2019-07-27,33970.82000000775,3950.0,22.0,3295.0,223.517258
626,2019-07-28,33611.48999999464,3922.0,36.0,3312.0,212.04184
627,2019-07-29,52291.76000000536,3895.0,119.0,3069.0,213.932053
628,2019-07-30,50084.52999998629,4235.0,69.0,3491.0,213.614075
629,2019-07-31,56954.090000003576,3635.0,79.0,2720.0,218.654144
630,2019-08-01,74697.45000000298,3126.0,119.0,2253.0,218.812653
631,2019-08-02,34114.95000000298,2892.0,134.0,1989.0,222.182571
632,2019-08-03,39984.25999999046,3470.0,64.0,2586.0,224.62323
633,2019-08-04,36740.560000002384,3709.0,28.0,2443.0,224.227295
634,2019-08-05,29556.12000000477,3277.0,81.0,2294.0,235.635284
635,2019-08-06,34505.12000000477,2127.0,95.0,1304.0,239.115906
636,2019-08-07,36969.05999998748,2824.0,94.0,1799.0,229.65657
637,2019-08-08,40788.74000000954,2859.0,121.0,1833.0,226.774719
638,2019-08-09,41480.25,2792.0,128.0,2048.0,221.364334
639,2019-08-10,21716.53999999165,2141.0,177.0,1512.0,213.734833
640,2019-08-11,23982.52000001073,2358.0,55.0,1580.0,216.598648
641,2019-08-12,105460.31000000238,2425.0,104.0,1611.0,216.142563
642,2019-08-13,43034.02999998629,2585.0,98.0,1431.0,211.384415
643,2019-08-14,37870.35000000894,2784.0,76.0,1863.0,209.066437
644,2019-08-15,34567.81999999285,2604.0,197.0,1874.0,189.462158
645,2019-08-16,45147.29000000656,2700.0,62.0,1814.0,188.905594
646,2019-08-17,22741.73000000417,3681.0,79.0,2743.0,186.70314
647,2019-08-18,21431.030000001192,3774.0,72.0,2838.0,197.522491
648,2019-08-19,31284.98999999464,2416.0,73.0,1667.0,203.56015
649,2019-08-20,26280.709999993443,6991.0,213.0,6044.0,203.015991
650,2019-08-21,25504.85000000894,4653.0,98.0,3938.0,197.027435
651,2019-08-22,41892.6400000006,4030.0,95.0,3130.0,194.415512
652,2019-08-23,40363.19999998808,4028.0,53.0,3153.0,195.906494
653,2019-08-24,42080.87000000477,5460.0,153.0,4503.0,194.784988
654,2019-08-25,35053.45000000298,3608.0,54.0,2814.0,192.16333
655,2019-08-26,49993.090000003576,2462.0,240.0,1781.0,193.442184
656,2019-08-27,27685.75,4205.0,44.0,3588.0,188.963181
657,2019-08-28,64805.90999999642,3832.0,110.0,3121.0,187.930878
658,2019-08-29,44537.939999997616,3435.0,128.0,2750.0,173.996399
659,2019-08-30,30408.560000002384,3775.0,82.0,3127.0,170.773514
660,2019-08-31,46515.79999999702,5670.0,90.0,4514.0,174.323975
661,2019-09-01,47533.37000000477,5222.0,92.0,4294.0,173.696854
662,2019-09-02,42664.439999997616,4431.0,44.0,3709.0,180.145218
663,2019-09-03,38198.15999999642,3138.0,49.0,2484.0,182.347992
664,2019-09-04,87762.8599999994,2970.0,82.0,2249.0,180.136597
665,2019-09-05,35999.40000000596,2132.0,55.0,1555.0,176.16391
666,2019-09-06,29075.87999999523,1508.0,52.0,934.0,177.718704
667,2019-09-07,25013.490000009537,1509.0,26.0,966.0,180.851608
668,2019-09-08,44802.61999998987,1449.0,96.0,965.0,182.977081
669,2019-09-09,76240.54000000656,1393.0,26.0,811.0,184.14946
670,2019-09-10,31145.159999996424,1177.0,184.0,649.0,184.063431
671,2019-09-11,31813.469999998808,1265.0,94.0,739.0,181.757462
672,2019-09-12,38882.82000000775,1310.0,98.0,695.0,181.998566
673,2019-09-13,64886.55999998748,1290.0,76.0,689.0,181.498291
674,2019-09-14,36288.33000001311,2877.0,79.0,2223.0,188.44693
675,2019-09-15,28206.39999999106,2554.0,36.0,1696.0,190.399338
676,2019-09-16,39479.210000008345,1256.0,118.0,807.0,198.204971
677,2019-09-17,30615.919999986887,1084.0,56.0,524.0,213.731949
678,2019-09-18,29566.27000001073,1144.0,4.0,663.0,216.711502
679,2019-09-19,75267.78999999166,1126.0,56.0,625.0,222.871689
680,2019-09-20,22366.37000000477,885.0,84.0,452.0,221.598557
681,2019-09-21,31816.20000000298,2346.0,47.0,1604.0,220.958298
682,2019-09-22,31240.73000000417,2101.0,60.0,1513.0,216.086243
683,2019-09-23,32222.589999988675,1502.0,50.0,846.0,211.840515
684,2019-09-24,37340.03000000119,1233.0,9.0,714.0,203.500549
685,2019-09-25,31460.15000000596,1083.0,27.0,539.0,174.719772
686,2019-09-26,32915.71999999881,1138.0,18.0,628.0,171.692642
687,2019-09-27,21606.969999998808,1005.0,8.0,521.0,175.610779
688,2019-09-28,19492.98999999464,2049.0,54.0,1456.0,175.778732
689,2019-09-29,74120.41000001132,2563.0,113.0,1924.0,175.21022
690,2019-09-30,30871.109999999404,2144.0,122.0,1592.0,179.872208
691,2019-10-01,39426.22999998927,3802.0,72.0,3160.0,185.045532
692,2019-10-02,37769.07000000775,3615.0,77.0,3068.0,180.826126
693,2019-10-03,30046.09999999404,4078.0,97.0,3438.0,180.79921
694,2019-10-04,31594.29999999702,3323.0,64.0,2651.0,178.552078
695,2019-10-05,19179.35000000894,3456.0,33.0,2814.0,177.713242
696,2019-10-06,54029.5,2818.0,39.0,1738.0,177.364548
697,2019-10-07,43153.50999999046,3125.0,30.0,2316.0,182.356354
698,2019-10-08,40590.60999999941,3249.0,88.0,2306.0,184.35997
699,2019-10-09,96735.60000000894,5471.0,112.0,4728.0,194.300491
700,2019-10-10,48818.6400000006,4073.0,78.0,3434.0,193.896927
701,2019-10-11,28138.1400000006,5106.0,144.0,4321.0,195.318802
702,2019-10-12,30182.920000001788,3248.0,67.0,2301.0,186.304886
703,2019-10-13,75543.56000000238,3170.0,148.0,2483.0,185.075912
704,2019-10-14,111633.14999999106,3456.0,92.0,2938.0,187.303619
705,2019-10-15,243453.71000000837,4656.0,69.0,3983.0,187.759872
706,2019-10-16,177581.0799999982,3475.0,169.0,2540.0,181.66861
707,2019-10-17,151315.33999998868,4650.0,191.0,3827.0,178.899551
708,2019-10-18,126622.18000000717,4162.0,167.0,3321.0,178.179794
709,2019-10-19,122431.29999999702,3936.0,139.0,3008.0,175.608231
710,2019-10-20,272923.0900000036,8561.0,200.0,7627.0,176.718689
711,2019-10-21,79624.40000000596,3153.0,99.0,2183.0,177.74173
712,2019-10-22,86745.89999999106,3240.0,111.0,2111.0,175.650024
713,2019-10-23,66312.40000000596,2258.0,91.0,1543.0,172.420578
714,2019-10-24,72830.97999998927,2287.0,112.0,1564.0,164.147568
715,2019-10-25,82187.57000000775,2678.0,127.0,1764.0,183.000122
716,2019-10-26,89410.70999999344,3991.0,131.0,2888.0,195.942505
717,2019-10-27,94739.84000000358,3604.0,194.0,2621.0,188.155334
718,2019-10-28,74306.23999999464,3836.0,54.0,2778.0,187.883163
719,2019-10-29,66761.80000001192,2945.0,143.0,2090.0,191.846756
720,2019-10-30,80434.29999999702,2861.0,71.0,1988.0,191.111938
721,2019-10-31,65303.0,2800.0,29.0,1867.0,188.751266
722,2019-11-01,50138.48999999464,3425.0,147.0,2561.0,185.059708
723,2019-11-02,66211.59000000358,4005.0,110.0,3110.0,185.708954
724,2019-11-03,86016.75,3154.0,124.0,2314.0,185.024216
725,2019-11-04,57004.3900000006,2861.0,222.0,2063.0,188.022934
726,2019-11-05,50409.42000000179,3212.0,174.0,2427.0,191.257828
727,2019-11-06,61940.95999999344,5108.0,74.0,4268.0,193.547256
728,2019-11-07,69475.78000000119,5609.0,174.0,4991.0,191.861099
729,2019-11-08,41186.960000008345,4499.0,126.0,3891.0,188.815979
730,2019-11-09,38047.12999999523,5175.0,227.0,4208.0,185.838531
731,2019-11-10,62457.23000000417,5036.0,129.0,4215.0,190.920609
732,2019-11-11,77415.1400000006,3542.0,404.0,2744.0,190.338425
733,2019-11-12,48281.21999999881,3752.0,428.0,2971.0,187.948029
734,2019-11-13,41758.939999997616,3845.0,356.0,2799.0,189.331879
735,2019-11-14,39898.67999999225,2629.0,151.0,1964.0,188.634598
736,2019-11-15,25693.52000001073,3001.0,231.0,2438.0,186.251831
737,2019-11-16,22250.94999998808,3199.0,113.0,2512.0,184.155273
738,2019-11-17,52329.70000000298,2684.0,87.0,1964.0,188.191345
739,2019-11-18,47851.210000008345,3146.0,139.0,2475.0,186.927155
740,2019-11-19,46748.17999999225,2937.0,204.0,2274.0,182.528
741,2019-11-20,43184.26000000536,2968.0,280.0,2255.0,178.993149
742,2019-11-21,42338.90999999642,2708.0,185.0,2008.0,176.209213
743,2019-11-22,138803.60000000894,13108.0,508.0,1404.0,163.028091
744,2019-11-23,101509.00999999046,17911.0,195.0,4008.0,154.101563
745,2019-11-24,97814.20000000298,19786.0,154.0,3728.0,153.965912
746,2019-11-25,81213.90000000596,10346.0,163.0,2806.0,150.207962
747,2019-11-26,62799.10999999941,12286.0,156.0,3559.0,150.004761
748,2019-11-27,93370.64999999106,11846.0,166.0,2751.0,154.887207
749,2019-11-28,77796.81000000238,10341.0,141.0,1833.0,156.613586
750,2019-11-29,102200.90000000596,18827.0,99.0,2641.0,156.848404
751,2019-11-30,85596.30999998748,13431.0,131.0,3227.0,156.691299
752,2019-12-01,87628.76000000536,16807.0,78.0,3026.0,152.491928
753,2019-12-02,69819.98000000417,13348.0,212.0,2547.0,152.116959
754,2019-12-03,86771.37000000477,8380.0,192.0,1540.0,150.310425
755,2019-12-04,75844.43999999762,7525.0,134.0,1816.0,150.680817
756,2019-12-05,157401.31000000238,10215.0,192.0,4505.0,153.155396
757,2019-12-06,60917.77999998629,8236.0,70.0,1559.0,149.670517
758,2019-12-07,62931.85999999941,9574.0,55.0,2470.0,149.799713
759,2019-12-08,74458.26000000536,11044.0,134.0,2859.0,152.392929
760,2019-12-09,113228.96000000834,9359.0,75.0,1937.0,151.91394
761,2019-12-10,89021.1400000006,7875.0,97.0,2584.0,148.564468
762,2019-12-11,80934.0,8242.0,103.0,3214.0,147.139206
763,2019-12-12,72782.19999998808,8156.0,151.0,4236.0,145.751648
764,2019-12-13,50009.04000000656,5947.0,118.0,2366.0,145.857101
765,2019-12-14,59383.29999999702,6566.0,130.0,3337.0,145.529083
766,2019-12-15,52290.26999999583,5990.0,108.0,2412.0,143.925354
767,2019-12-16,69592.56000000238,5078.0,99.0,1871.0,143.224854
768,2019-12-17,61450.90999999642,3888.0,81.0,2249.0,134.011536
769,2019-12-18,213670.400000006,6541.0,181.0,4076.0,133.394165
770,2019-12-19,107977.68000000717,6176.0,186.0,4082.0,134.190643
771,2019-12-20,101677.45999999344,4865.0,64.0,2130.0,129.756302
772,2019-12-21,84416.17000000179,6939.0,137.0,2209.0,129.147659
773,2019-12-22,67295.25,8531.0,121.0,3177.0,133.160034
774,2019-12-23,71333.93999999762,4514.0,74.0,2275.0,134.73175
775,2019-12-24,68750.23999999464,4982.0,116.0,2740.0,131.672287
776,2019-12-25,64775.42000000179,5509.0,58.0,3171.0,129.068497
777,2019-12-26,111489.8599999994,5473.0,63.0,3323.0,130.898346
778,2019-12-27,81125.37000000477,7560.0,68.0,3433.0,128.097565
779,2019-12-28,61769.95000000298,7287.0,168.0,2128.0,130.258163
780,2019-12-29,80532.14999999106,7107.0,126.0,2078.0,136.811203
781,2019-12-30,57235.18000000715,5380.0,158.0,1527.0,136.757355
782,2019-12-31,53865.189999997616,5808.0,103.0,1744.0,133.732681
783,2020-01-01,62264.96999999881,7634.0,87.0,3764.0,132.835358
784,2020-01-02,71946.93000000715,8840.0,110.0,2297.0,130.820038
785,2020-01-03,86685.75,8453.0,117.0,2604.0,134.554016
786,2020-01-04,140615.69999998808,12070.0,109.0,2179.0,136.052719
787,2020-01-05,71945.54000000656,9716.0,125.0,2426.0,139.410202
788,2020-01-06,112904.3900000006,5873.0,220.0,1852.0,144.328186
789,2020-01-07,103882.5799999982,7966.0,174.0,1949.0,145.00177
790,2020-01-08,80494.48999999464,5994.0,61.0,1513.0,146.828003
791,2020-01-09,53701.340000003576,6848.0,98.0,1952.0,141.393982
792,2020-01-09,577.7000000029802,152.0,0.0,43.0,141.393982
793,2020-01-10,63574.73000000417,5955.0,97.0,1311.0,144.167328
794,2020-01-11,77698.68999999762,7346.0,115.0,2307.0,146.480911
795,2020-01-12,58843.939999997616,8712.0,81.0,2012.0,146.145859
796,2020-01-13,72819.43000000715,7669.0,81.0,1992.0,146.791229
797,2020-01-14,81676.42999999225,9005.0,119.0,4634.0,167.681549
798,2020-01-15,62226.70000000298,6937.0,111.0,2358.0,170.425674
799,2020-01-16,60946.26999999583,4715.0,78.0,2530.0,167.058151
800,2020-01-17,72723.74000000954,5096.0,90.0,2816.0,173.069214
801,2020-01-18,81355.25,7707.0,107.0,4074.0,178.528778
802,2020-01-19,56239.44999998808,8556.0,79.0,4362.0,177.247635
803,2020-01-20,67546.17000000179,13064.0,124.0,8724.0,169.114883
804,2020-01-21,95924.88000001012,9271.0,112.0,5385.0,169.91011
805,2020-01-22,91799.0799999982,8198.0,87.0,5248.0,171.008698
806,2020-01-23,172226.70999999344,9535.0,238.0,5054.0,168.312241
807,2020-01-24,78044.65999999642,16757.0,118.0,3743.0,164.309448
808,2020-01-25,56461.17000000179,10848.0,92.0,3770.0,163.227234
809,2020-01-26,72622.54999999702,12234.0,81.0,4019.0,168.220322
810,2020-01-27,65635.58000001311,9594.0,76.0,3295.0,172.922913
811,2020-01-28,86641.62999999523,7837.0,100.0,3118.0,176.370316
812,2020-01-29,77287.29999999702,6062.0,174.0,2604.0,178.842972
813,2020-01-30,51641.76000000536,4993.0,61.0,2592.0,186.260483
814,2020-01-31,81435.70999999344,5759.0,70.0,2240.0,185.405838
815,2020-02-01,70572.79000000656,7563.0,83.0,3006.0,183.845551
816,2020-02-02,77405.6400000006,7076.0,43.0,4863.0,193.080399
817,2020-02-03,91258.00999999046,4480.0,75.0,2664.0,193.43689
818,2020-02-04,84912.77000001073,2784.0,96.0,1462.0,191.111496
819,2020-02-05,133848.23999999464,3217.0,68.0,1631.0,206.804001
820,2020-02-06,114546.1400000006,2800.0,139.0,1329.0,214.597717
821,2020-02-07,225405.48999999464,3213.0,102.0,1162.0,223.14093
822,2020-02-08,88541.57000000775,9251.0,100.0,2944.0,226.588089
823,2020-02-09,192514.4099999964,14368.0,47.0,2562.0,229.864243
824,2020-02-10,146975.04000000656,5724.0,151.0,1939.0,229.184616
825,2020-02-11,477669.1999999881,11485.0,730.0,8627.0,236.547134
826,2020-02-12,219324.0,5113.0,481.0,2522.0,272.398834
827,2020-02-13,159537.32000000775,5779.0,499.0,3120.0,273.741058
828,2020-02-14,114875.76999999584,4533.0,268.0,2722.0,285.056427
829,2020-02-15,112621.34000000358,4941.0,241.0,3445.0,287.123688
830,2020-02-16,140692.45999999344,4168.0,310.0,2773.0,272.882446
831,2020-02-17,177276.49000000954,5583.0,343.0,2830.0,266.871246
832,2020-02-18,198218.78999999168,4814.0,680.0,2979.0,283.196136
833,2020-02-19,120477.98000000416,4786.0,568.0,2963.0,283.537933
834,2020-02-20,113425.84000000358,5510.0,650.0,3518.0,263.695404
835,2020-02-21,186592.1700000018,6204.0,321.0,3615.0,267.004852
836,2020-02-22,120022.92999999224,6639.0,437.0,3573.0,266.387207
837,2020-02-23,110930.54999999702,6954.0,241.0,3157.0,273.75415
838,2020-02-24,147113.68999999762,6888.0,214.0,2251.0,275.53952
839,2020-02-25,119859.5300000012,5427.0,177.0,2647.0,265.431488
840,2020-02-26,101766.4200000018,5394.0,223.0,2288.0,249.649704
841,2020-02-27,99728.70000000298,6527.0,294.0,2355.0,237.228928
842,2020-02-28,117371.59000000358,7291.0,859.0,4524.0,234.208939
843,2020-02-29,71492.73000000417,9631.0,224.0,3072.0,232.256622
844,2020-03-01,124750.75,8236.0,194.0,2763.0,226.677887
845,2020-03-02,146542.78999999166,11831.0,224.0,2258.0,232.811584
846,2020-03-03,128370.5300000012,5187.0,241.0,3123.0,232.325806
847,2020-03-04,89653.79999999702,5061.0,332.0,1961.0,228.040421
848,2020-03-05,69381.35000000894,4679.0,253.0,1770.0,234.364456
849,2020-03-06,77386.42000000179,5148.0,105.0,2095.0,243.554977
850,2020-03-07,70217.50999999046,7349.0,137.0,3354.0,249.978485
851,2020-03-08,84274.82000000775,4110.0,44.0,2030.0,237.780685
852,2020-03-09,64017.81999999285,3627.0,123.0,1726.0,207.451401
853,2020-03-10,67059.93999999762,5948.0,195.0,2272.0,205.714249
854,2020-03-11,85037.62000000477,7213.0,61.0,1996.0,202.9543
855,2020-03-12,44331.87000000477,5074.0,76.0,796.0,195.147934
856,2020-03-13,48801.32999999821,2194.0,87.0,1090.0,137.429535
857,2020-03-14,36428.65999999642,5270.0,141.0,2562.0,134.484375
858,2020-03-15,42393.32999999821,6024.0,114.0,1760.0,132.242142
859,2020-03-16,38303.23999999464,5847.0,42.0,877.0,124.996117
860,2020-03-17,38115.97000001371,7146.0,68.0,1828.0,118.988281
861,2020-03-18,64833.15999999642,9584.0,91.0,3307.0,116.021622
862,2020-03-19,91528.26999999584,6959.0,87.0,2478.0,140.527725
863,2020-03-20,51482.90999999642,5595.0,125.0,2531.0,150.853806
864,2020-03-21,53436.710000008345,6705.0,99.0,3250.0,135.972412
865,2020-03-22,70210.15999999642,5768.0,168.0,4039.0,136.151642
866,2020-03-23,56259.40000000596,5136.0,157.0,3051.0,134.911606
867,2020-03-24,45043.21999999881,4088.0,192.0,2401.0,141.948532
868,2020-03-25,68312.90999999642,3704.0,182.0,1887.0,141.403793
869,2020-03-26,70257.78000000119,5846.0,127.0,2538.0,138.830566
870,2020-03-27,51290.560000002384,5253.0,212.0,2211.0,139.902695
871,2020-03-28,72831.82999999821,8626.0,90.0,3314.0,134.032745
872,2020-03-29,51681.42000000179,5923.0,49.0,3283.0,131.174088
873,2020-03-30,67614.45999999344,5281.0,264.0,2484.0,133.911469
874,2020-03-31,480104.1099999994,16875.0,315.0,14406.0,134.274139
875,2020-04-01,85311.31000000238,7209.0,215.0,2568.0,135.634552
876,2020-04-02,54910.67000000179,4068.0,145.0,2282.0,146.787094
877,2020-04-03,59288.48999999464,7042.0,198.0,2628.0,146.899872
878,2020-04-04,76748.09000000358,10949.0,146.0,2434.0,145.377304
879,2020-04-05,55403.51000000536,6383.0,231.0,2363.0,146.128525
880,2020-04-06,42666.47999998927,6637.0,97.0,1698.0,169.272644
881,2020-04-07,48821.03000000119,4782.0,53.0,1514.0,175.204132
882,2020-04-08,97635.3900000006,3790.0,155.0,1729.0,173.210266
883,2020-04-09,54605.49000000954,4263.0,67.0,2273.0,172.897781
884,2020-04-10,150739.5799999982,4750.0,175.0,2794.0,170.949768
885,2020-04-11,52138.78000000119,7768.0,153.0,3483.0,161.167572
886,2020-04-12,46865.85999999941,7081.0,162.0,3760.0,164.516953
887,2020-04-13,46029.28000000119,5345.0,133.0,2892.0,160.749695
888,2020-04-14,62539.31999999285,9444.0,158.0,2947.0,160.944275
889,2020-04-15,53825.23000000417,5249.0,140.0,2600.0,160.711121
890,2020-04-16,86543.21999999881,3628.0,158.0,1870.0,173.157272
891,2020-04-17,60902.90999999642,4419.0,234.0,2326.0,174.275909
892,2020-04-18,122811.18999999762,5080.0,139.0,2875.0,187.940475
893,2020-04-19,63599.660000011325,5111.0,129.0,2406.0,188.098923
894,2020-04-20,52461.51999999583,3526.0,30.0,1922.0,186.083542
895,2020-04-21,120509.37999999525,4369.0,244.0,2910.0,175.178467
896,2020-04-22,94369.62000000475,3864.0,86.0,2009.0,183.751007
897,2020-04-23,135162.50999999046,4133.0,126.0,2234.0,189.088867
898,2020-04-24,74386.58000001311,3583.0,200.0,1848.0,190.210388
899,2020-04-25,109090.90999999642,4547.0,102.0,2217.0,196.792374
900,2020-04-26,105579.18999999762,4895.0,47.0,2600.0,199.344971
901,2020-04-27,79663.96999999881,4494.0,174.0,2277.0,199.552795
902,2020-04-28,58495.40999999642,4566.0,54.0,2160.0,198.786545
903,2020-04-29,66822.90000000596,2848.0,83.0,1589.0,218.454636
904,2020-04-30,99677.45999999344,2305.0,79.0,1272.0,227.529694
905,2020-05-01,106574.0,4171.0,114.0,2041.0,217.628021
906,2020-05-02,131827.88000001013,3960.0,177.0,2063.0,215.847534
907,2020-05-03,89564.50999999046,5058.0,108.0,1702.0,219.270874
908,2020-05-04,57751.60999999941,3219.0,100.0,1913.0,211.828384
909,2020-05-05,83099.53000000119,2910.0,430.0,1984.0,211.778625
910,2020-05-06,63548.54999999702,2479.0,242.0,1622.0,211.534622
911,2020-05-07,63301.49000000954,1925.0,143.0,1284.0,214.392471
912,2020-05-08,90779.9200000018,2603.0,93.0,1864.0,216.327682
913,2020-05-09,69998.03000000119,3193.0,122.0,2236.0,214.73912
914,2020-05-10,53991.20999999344,2603.0,115.0,1763.0,211.5522
915,2020-05-11,45487.23000000417,2630.0,165.0,1884.0,191.362335
916,2020-05-12,38499.04999999702,2487.0,195.0,1726.0,191.601349
917,2020-05-13,64640.26999999583,2310.0,88.0,1690.0,200.197327
918,2020-05-14,86921.01000000536,2145.0,115.0,1483.0,204.117599
919,2020-05-15,68490.34000000358,2627.0,185.0,1646.0,203.566391
920,2020-05-16,90237.86999998988,3414.0,203.0,2549.0,202.771194
921,2020-05-17,69422.12000000477,3551.0,229.0,2533.0,209.160934
922,2020-05-18,80375.84000000358,2421.0,302.0,1736.0,215.908463
923,2020-05-19,62543.87999999523,2327.0,175.0,1599.0,214.604935
924,2020-05-20,104623.75,2484.0,131.0,1585.0,214.716827
925,2020-05-21,119987.26999999584,2429.0,162.0,1678.0,211.625183
926,2020-05-22,120791.71000000834,2477.0,215.0,1602.0,208.591537
927,2020-05-23,98935.7800000012,4688.0,185.0,2983.0,210.386459
928,2020-05-24,264813.92999999225,4509.0,262.0,3422.0,210.595078
929,2020-05-25,105738.15000000596,3319.0,81.0,2719.0,206.36145
930,2020-05-26,107406.93999999762,2999.0,75.0,2239.0,205.752548
931,2020-05-27,100991.43000000717,2811.0,156.0,2181.0,208.863434
932,2020-05-28,87262.05999998748,2740.0,64.0,1984.0,220.276505
933,2020-05-29,85040.66000001132,2596.0,157.0,1894.0,224.216873
934,2020-05-30,71200.50999999046,2389.0,151.0,1780.0,243.943146
935,2020-05-31,85241.17000000179,1869.0,202.0,1041.0,244.045258
936,2020-06-01,99517.93000000717,1753.0,80.0,1152.0,248.236282
937,2020-06-02,84572.64999999106,1414.0,84.0,872.0,252.222
938,2020-06-03,97703.02000001071,1578.0,68.0,995.0,244.179321
939,2020-06-04,142082.78999999166,3293.0,93.0,2436.0,245.92897
940,2020-06-05,99074.70000000298,2281.0,167.0,1474.0,247.329498
941,2020-06-06,91409.3599999994,2966.0,108.0,2111.0,245.981049
942,2020-06-07,70989.26999999583,2157.0,150.0,1536.0,245.435257
943,2020-06-08,59433.29000000656,1973.0,89.0,1373.0,246.644196
944,2020-06-09,81867.78999999166,1775.0,66.0,1163.0,248.342438
945,2020-06-10,94667.76000000536,1772.0,354.0,1103.0,248.651154
946,2020-06-11,126554.51999999584,3212.0,95.0,2504.0,249.888306
947,2020-06-12,71971.6400000006,2239.0,166.0,1667.0,239.354691
948,2020-06-13,117093.8299999982,2327.0,112.0,1601.0,239.1931
949,2020-06-14,83473.71000000834,3054.0,126.0,1977.0,239.101456
950,2020-06-15,114477.4699999988,2245.0,98.0,1566.0,234.237839
951,2020-06-16,107936.09999999404,2646.0,94.0,2085.0,236.394302
952,2020-06-17,68975.95000000298,1594.0,87.0,1064.0,235.954056
953,2020-06-18,138712.34999999404,1823.0,220.0,1350.0,234.570648
954,2020-06-19,113812.26000000536,1600.0,139.0,1034.0,232.154114
955,2020-06-20,50993.57000000775,2607.0,33.0,1755.0,231.44902
956,2020-06-21,68319.53999999166,3087.0,154.0,2339.0,232.358948
957,2020-06-22,70182.07000000775,1714.0,5.0,1216.0,243.776016
958,2020-06-23,123482.7199999988,3366.0,230.0,2864.0,244.86441
959,2020-06-24,74893.06999999285,1690.0,101.0,1136.0,248.508026
960,2020-06-25,81546.18999999762,3574.0,102.0,2731.0,236.053406
961,2020-06-26,59863.28000000119,1983.0,159.0,1499.0,233.901932
962,2020-06-27,43813.939999997616,2102.0,22.0,1584.0,232.493423
963,2020-06-28,73917.29000000656,1626.0,222.0,1109.0,228.598282
964,2020-06-29,77258.06999999285,1453.0,166.0,924.0,229.903214
965,2020-06-30,138494.12000000477,3078.0,88.0,2554.0,229.476807
966,2020-07-01,132113.6400000006,1875.0,45.0,1164.0,232.756119
967,2020-07-02,108601.57000000776,2381.0,142.0,1775.0,232.396881
968,2020-07-03,70413.02999998629,1975.0,119.0,1283.0,229.629318
969,2020-07-04,83028.94000001252,3257.0,110.0,2473.0,230.054138
970,2020-07-05,66906.12999999523,2502.0,168.0,1796.0,229.85672
971,2020-07-06,76659.93999999762,2069.0,245.0,1375.0,242.132706
972,2020-07-07,65316.1400000006,2050.0,184.0,1312.0,242.681854
973,2020-07-08,97185.4200000018,2376.0,56.0,1323.0,248.308868
974,2020-07-09,102037.81999999283,2888.0,219.0,1766.0,247.291672
975,2020-07-10,94272.97000001372,2904.0,75.0,1927.0,242.883789
976,2020-07-11,166755.90999999642,4085.0,170.0,3020.0,241.527481
977,2020-07-12,143650.43999999762,3114.0,62.0,2026.0,243.311142
978,2020-07-13,105234.31000000238,1654.0,91.0,1080.0,244.310516
979,2020-07-14,109903.75999999046,1767.0,311.0,1098.0,242.003784
980,2020-07-15,90963.43000000717,1778.0,84.0,1113.0,241.402695
981,2020-07-16,83851.15999999642,2097.0,91.0,1386.0,239.006256
982,2020-07-17,80605.37999999523,1615.0,78.0,1056.0,234.41507
983,2020-07-18,68770.24000000954,2129.0,165.0,1470.0,236.543976
984,2020-07-19,116723.1099999994,1461.0,9.0,973.0,239.16069
985,2020-07-20,105709.45999999344,1354.0,89.0,920.0,239.576248
986,2020-07-21,104632.70000000298,1588.0,123.0,1037.0,246.186264
987,2020-07-22,139708.76999999583,1494.0,94.0,956.0,262.985046
988,2020-07-23,117589.9699999988,1411.0,10.0,890.0,277.583466
989,2020-07-24,124975.46000000834,1636.0,79.0,1153.0,286.192841
990,2020-07-25,151587.67999999225,1674.0,85.0,1134.0,306.740997
991,2020-07-26,115378.93000000717,1411.0,96.0,972.0,316.386322
992,2020-07-27,116944.70999999344,1059.0,81.0,631.0,330.701202
993,2020-07-28,109706.59000000358,1159.0,110.0,682.0,325.905975
994,2020-07-29,167340.0300000012,1151.0,74.0,772.0,324.380798
995,2020-07-30,152572.04999999702,1416.0,43.0,915.0,338.631195
996,2020-07-31,83471.35000000894,1133.0,216.0,758.0,348.611359
997,2020-08-01,91919.95999999344,1226.0,323.0,831.0,388.847961
998,2020-08-02,185169.3500000089,1328.0,182.0,884.0,411.228302
999,2020-08-03,137806.86999998987,1140.0,165.0,802.0,396.506989
1000,2020-08-04,436900.01000000536,5292.0,91.0,4797.0,400.700623
1001,2020-08-05,139929.45999999344,2018.0,96.0,1414.0,406.303955
1002,2020-08-06,120902.73000000416,1595.0,71.0,963.0,403.488678
1003,2020-08-07,125853.70999999344,1568.0,97.0,774.0,398.249023
1004,2020-08-08,143459.26000000536,1762.0,24.0,940.0,393.987366
1005,2020-08-09,148957.15000000596,1313.0,56.0,784.0,399.737091
1006,2020-08-10,87485.06000000238,877.0,89.0,495.0,399.375946
1007,2020-08-11,100306.26999999584,834.0,195.0,474.0,398.478912
1008,2020-08-12,81065.37999999523,361.0,113.0,242.0,391.312317
1009,2020-08-13,128322.45000000298,1015.0,161.0,637.0,432.904602
1010,2020-08-14,160058.98000000417,973.0,152.0,451.0,444.577759
1011,2020-08-15,158729.01999999583,989.0,38.0,616.0,441.754608
1012,2020-08-16,142734.81999999285,1220.0,122.0,592.0,436.265839
1013,2020-08-17,89155.66000001132,916.0,57.0,494.0,442.734985
1014,2020-08-18,170772.87999999523,1046.0,43.0,646.0,432.580292
1015,2020-08-19,107108.12999999525,1001.0,66.0,615.0,427.024658
1016,2020-08-20,124888.24000000954,1267.0,160.0,815.0,418.734436
1017,2020-08-21,120770.89999999106,924.0,100.0,556.0,418.63797
1018,2020-08-22,133868.29000000656,1033.0,103.0,601.0,396.466583
1019,2020-08-23,193476.95999999344,1323.0,151.0,767.0,396.490417
1020,2020-08-24,120932.57000000776,989.0,103.0,582.0,409.38858
1021,2020-08-25,120684.3299999982,1264.0,191.0,745.0,408.527924
1022,2020-08-26,133284.37000000477,1174.0,121.0,780.0,391.87326
1023,2020-08-27,151751.43999999762,1315.0,99.0,803.0,395.349182
1024,2020-08-28,254976.94999998808,1454.0,48.0,880.0,397.757629
1025,2020-08-29,152714.5,3104.0,65.0,2566.0,405.616364
1026,2020-08-30,147469.43000000715,2692.0,46.0,2338.0,428.663971
1027,2020-08-31,160762.73000000417,1302.0,93.0,1010.0,438.560333
1028,2020-09-01,62787.23999999464,290.0,17.0,227.0,487.211884
1029,2020-09-02,70303.82999999821,568.0,267.0,412.0,480.330994
1030,2020-09-03,141817.1700000018,1323.0,193.0,984.0,449.532471
1031,2020-09-04,142959.0,1408.0,95.0,955.0,402.411743
1032,2020-09-05,84300.98999999464,1225.0,169.0,889.0,394.172272
1033,2020-09-06,170916.2800000012,1577.0,171.0,969.0,359.764038
1034,2020-09-07,155434.2800000012,1658.0,145.0,1103.0,358.211884
1035,2020-09-08,114540.1400000006,1472.0,179.0,975.0,355.562866
1036,2020-09-09,140761.29000000656,1481.0,102.0,927.0,359.16449
1037,2020-09-10,136184.54999999702,1224.0,48.0,744.0,377.393585
1038,2020-09-11,215581.9099999964,1384.0,337.0,819.0,376.630402
1039,2020-09-12,189835.1899999976,1378.0,265.0,870.0,387.538452
1040,2020-09-13,258301.1700000018,1588.0,230.0,1002.0,388.959808
1041,2020-09-14,256188.0300000012,1264.0,263.0,738.0,384.485199
1042,2020-09-15,478994.07000000775,2957.0,109.0,2167.0,381.508301
1043,2020-09-16,195585.78999999168,2647.0,245.0,1912.0,372.767426
1044,2020-09-17,179491.6700000018,1627.0,142.0,1375.0,393.901611
1045,2020-09-18,407321.150000006,3196.0,440.0,2281.0,391.904144
1046,2020-09-19,298514.3900000006,1838.0,566.0,914.0,387.076355
1047,2020-09-20,429816.6400000006,2323.0,323.0,1141.0,385.597992
1048,2020-09-21,215102.3599999994,1731.0,421.0,850.0,375.73703
1049,2020-09-22,567311.0199999958,3908.0,418.0,1876.0,346.60083
1050,2020-09-23,481878.7399999946,5000.0,357.0,1597.0,344.671387
1051,2020-09-24,700304.0799999982,3417.0,261.0,1533.0,351.461487
1052,2020-09-25,791102.0400000066,4102.0,252.0,1273.0,357.772736
1053,2020-09-26,664827.5600000024,2853.0,266.0,1279.0,355.854767
1054,2020-09-27,646384.3900000006,3266.0,258.0,1423.0,361.984406
1055,2020-09-28,1046726.4299999924,2959.0,402.0,1301.0,366.432159
1056,2020-09-29,573971.3400000036,2432.0,236.0,1058.0,360.353363
1057,2020-09-30,409623.700000003,2542.0,331.0,1243.0,361.178772
1058,2020-10-01,390711.1599999964,2347.0,351.0,1254.0,369.264404
1059,2020-10-02,340819.0900000036,2456.0,209.0,1194.0,354.115417
1060,2020-10-03,450256.70999999344,3262.0,226.0,1981.0,351.307709
1061,2020-10-04,401303.3000000119,2707.0,313.0,1420.0,354.045746
1062,2020-10-05,377640.5299999863,2909.0,236.0,1788.0,355.214081
1063,2020-10-06,374415.7300000042,3211.0,153.0,1709.0,354.989014
1064,2020-10-07,395105.4699999988,2833.0,280.0,1465.0,342.450836
1065,2020-10-08,407850.8400000036,2540.0,79.0,1482.0,352.211487
1066,2020-10-09,422943.700000003,2809.0,227.0,1617.0,368.310333
1067,2020-10-10,368308.450000003,2481.0,429.0,1428.0,378.267151
1068,2020-10-11,319813.56999999285,3030.0,368.0,1827.0,377.246796
1069,2020-10-12,308270.43000000715,2673.0,195.0,1624.0,395.122162
1070,2020-10-13,271202.75999999046,2466.0,352.0,1550.0,387.375671
1071,2020-10-14,329246.650000006,2816.0,135.0,1637.0,387.296173
1072,2020-10-15,487214.5300000012,2659.0,259.0,1477.0,381.208771
1073,2020-10-16,285977.24000000954,2471.0,183.0,1650.0,380.021515
1074,2020-10-17,460406.4699999988,3232.0,210.0,1852.0,369.768127
1075,2020-10-18,336485.37999999523,3171.0,198.0,1968.0,378.597656
1076,2020-10-19,430773.25999999046,2795.0,143.0,1818.0,383.317657
1077,2020-10-20,221569.84999999404,2241.0,291.0,1350.0,380.761017
1078,2020-10-21,298073.5300000012,2054.0,252.0,1241.0,400.627258
1079,2020-10-22,510418.900000006,2091.0,243.0,1282.0,420.141663
1080,2020-10-23,257406.1599999964,2705.0,286.0,1380.0,418.95993
1081,2020-10-24,426312.8900000155,4874.0,203.0,2963.0,416.59967
1082,2020-10-25,361098.9799999893,5597.0,265.0,4053.0,417.15921
1083,2020-10-26,311577.4099999964,3742.0,293.0,2380.0,411.279877
1084,2020-10-27,209018.3300000131,4172.0,228.0,2766.0,409.772858
1085,2020-10-28,272565.7299999893,3155.0,259.0,2042.0,408.964752
1086,2020-10-29,252527.71000000837,3375.0,277.0,2073.0,393.227692
1087,2020-10-30,244964.37999999523,3534.0,184.0,2299.0,391.464722
1088,2020-10-31,293732.24000000954,4714.0,141.0,3280.0,393.010132
1089,2020-11-01,350688.8399999738,3249.0,236.0,2182.0,397.116119
1090,2020-11-02,224945.46000000837,2413.0,151.0,1485.0,403.240753
1091,2020-11-03,335133.93000000715,2543.0,188.0,1556.0,389.515381
1092,2020-11-04,274143.6099999845,2655.0,189.0,1669.0,407.665649
1093,2020-11-05,201594.57000002265,2513.0,351.0,1649.0,417.52594
1094,2020-11-06,465777.5600000024,2251.0,269.0,1358.0,456.200623
1095,2020-11-07,305183.39999997616,2605.0,421.0,1707.0,465.675476
1096,2020-11-08,319806.150000006,3629.0,1067.0,2370.0,457.780457
1097,2020-11-09,243362.46000000837,2780.0,176.0,1863.0,457.349609
1098,2020-11-10,351638.28999999166,3066.0,403.0,1902.0,453.758362
1099,2020-11-11,390458.6100000143,3080.0,324.0,1841.0,473.578857
1100,2020-11-12,1007941.599999994,16955.0,287.0,15316.0,467.677826
1101,2020-11-13,452752.4699999988,3366.0,227.0,1512.0,475.217255
1102,2020-11-14,449188.3300000131,4150.0,365.0,2345.0,475.161438
1103,2020-11-15,371049.36999997497,3820.0,338.0,1962.0,460.99408
1104,2020-11-16,332951.32000002265,3104.0,211.0,1771.0,463.831024
1105,2020-11-17,279900.62999999523,2397.0,307.0,1191.0,482.232208
1106,2020-11-18,312340.48999997973,2559.0,472.0,1174.0,491.999908
1107,2020-11-19,368831.26000002027,3043.0,188.0,1624.0,480.121735
1108,2020-11-20,272300.0900000036,2370.0,168.0,1258.0,513.610352
1109,2020-11-21,652169.849999994,2458.0,156.0,1415.0,550.227417
1110,2020-11-22,352874.3899999857,2538.0,259.0,1442.0,579.372498
1111,2020-11-23,308604.3900000155,1858.0,486.0,983.0,609.98761
1112,2020-11-24,207370.1899999976,1653.0,351.0,895.0,621.173401
1113,2020-11-25,214246.3100000024,2153.0,444.0,1364.0,605.094177
1114,2020-11-26,217602.9199999869,1923.0,143.0,1203.0,575.641479
1115,2020-11-27,345398.6700000167,4527.0,172.0,3374.0,530.777161
1116,2020-11-28,348126.0600000024,4190.0,387.0,3119.0,548.044861
1117,2020-11-29,455845.4699999988,3556.0,185.0,2535.0,576.602417
1118,2020-11-30,263262.5799999833,1773.0,257.0,1107.0,615.24054
1119,2020-12-01,166068.87999999523,2158.0,346.0,1370.0,635.160583
1120,2020-12-02,484779.1100000143,2877.0,90.0,2000.0,604.022461
1121,2020-12-03,226766.05000001192,2517.0,228.0,1824.0,622.452698
1122,2020-12-04,467507.1299999952,2952.0,218.0,2092.0,618.983154
1123,2020-12-05,341175.9699999988,3437.0,248.0,2516.0,596.595459
1124,2020-12-06,384674.67999997735,3657.0,226.0,2535.0,606.791931
1125,2020-12-07,239917.5800000131,2753.0,543.0,1811.0,602.917908
1126,2020-12-08,306994.18000000715,2431.0,275.0,1521.0,594.751587
1127,2020-12-09,191230.1899999976,2201.0,289.0,1482.0,577.288391
1128,2020-12-10,216311.9099999964,2646.0,375.0,1865.0,574.600159
1129,2020-12-11,696349.3799999952,8177.0,178.0,7148.0,560.376709
1130,2020-12-12,288818.8300000131,3818.0,302.0,2604.0,573.339417
1131,2020-12-13,394420.9899999797,3115.0,81.0,2034.0,593.78125
1132,2020-12-14,258081.3600000143,2520.0,352.0,1725.0,590.492981
1133,2020-12-15,190132.25,2152.0,320.0,1320.0,596.247742
1134,2020-12-16,228948.81999999285,1867.0,322.0,1239.0,636.64032
1135,2020-12-17,251530.73000001907,1252.0,143.0,809.0,673.834229
1136,2020-12-18,290682.9099999964,2404.0,298.0,1666.0,662.699097
1137,2020-12-19,318355.5900000036,2642.0,463.0,1957.0,668.769592
1138,2020-12-20,540523.5699999928,3054.0,350.0,2086.0,659.923706
1139,2020-12-21,349123.0199999809,2204.0,280.0,1622.0,646.846558
1140,2020-12-22,549045.2400000095,2771.0,248.0,1827.0,635.076599
1141,2020-12-23,280654.5800000131,2054.0,336.0,1460.0,637.122803
1142,2020-12-24,364680.8599999845,2426.0,213.0,1654.0,613.815186
1143,2020-12-25,365871.2000000179,1908.0,226.0,1170.0,633.061401
1144,2020-12-26,353972.6699999869,2261.0,276.0,1588.0,650.721436
1145,2020-12-27,389859.75999999046,2241.0,285.0,1570.0,711.393555
1146,2020-12-28,240300.0800000131,1703.0,270.0,1046.0,745.877747
1147,2020-12-29,236684.0900000036,1862.0,218.0,1165.0,737.952881
1148,2020-12-30,356348.6200000048,1571.0,119.0,951.0,754.303223
1149,2020-12-31,257312.0,1701.0,64.0,1194.0,754.299438
1150,2021-01-01,452585.1899999976,3519.0,164.0,2806.0,749.201843
1151,2021-01-02,265406.7999999821,2123.0,93.0,1491.0,786.798462
1152,2021-01-03,327025.26000002027,1210.0,253.0,754.0,1006.565002
1153,2021-01-04,367417.9499999881,1404.0,115.0,878.0,1153.189209
1154,2021-01-05,615639.8100000024,1479.0,201.0,880.0,1129.37146
1155,2021-01-06,974277.2400000097,1613.0,431.0,1052.0,1209.428589
1156,2021-01-07,483255.3499999941,1317.0,42.0,788.0,1282.57959
1157,2021-01-08,568665.5699999928,2130.0,210.0,1314.0,1273.827515
1158,2021-01-09,529858.900000006,1942.0,325.0,1268.0,1303.871826
1159,2021-01-10,841808.7299999893,1814.0,378.0,1075.0,1347.926147
1160,2021-01-11,276607.1899999976,1270.0,274.0,720.0,1261.622925
1161,2021-01-12,310688.3700000048,1661.0,237.0,1004.0,1149.240234
1162,2021-01-13,552773.8799999952,2390.0,190.0,1648.0,1134.338501
1163,2021-01-14,464287.5,2731.0,232.0,2106.0,1244.163086
1164,2021-01-15,445646.8000000119,2461.0,81.0,1800.0,1250.505859
1165,2021-01-16,652634.9499999881,3357.0,149.0,2837.0,1290.053589
1166,2021-01-17,508599.0999999941,1991.0,148.0,1256.0,1265.644653
1167,2021-01-18,701149.9600000083,2010.0,252.0,1102.0,1259.450073
1168,2021-01-19,520160.7300000191,1627.0,171.0,918.0,1432.300049
1169,2021-01-20,606636.6599999964,2171.0,344.0,1268.0,1405.744141
1170,2021-01-21,584710.1099999845,2213.0,297.0,1418.0,1382.684448
1171,2021-01-22,620712.25,2265.0,277.0,1135.0,1271.687622
1172,2021-01-23,1501792.8400000036,2205.0,273.0,1354.0,1272.151123
1173,2021-01-24,1105965.4099999964,2370.0,186.0,1463.0,1395.111328
1174,2021-01-25,748358.6200000048,1826.0,272.0,1087.0,1467.784912
1175,2021-01-26,818137.900000006,3043.0,970.0,1883.0,1376.085083
1176,2021-01-27,1142147.1200000048,2240.0,988.0,1321.0,1368.074097
1177,2021-01-28,660426.599999994,1360.0,920.0,775.0,1356.288696
1178,2021-01-29,1233432.2800000012,2928.0,365.0,1984.0,1428.981201
1179,2021-01-30,3124219.9799999893,6280.0,296.0,5277.0,1402.39978
1180,2021-01-31,6758667.289999992,8319.0,193.0,7185.0,1378.916016
1181,2021-02-01,7919439.800000012,5596.0,210.0,4242.0,1373.845825
1182,2021-02-02,6882519.439999998,3709.0,500.0,1536.0,1542.990967
1183,2021-02-03,3416488.719999999,2367.0,355.0,877.0,1660.909546
1184,2021-02-04,3729398.6899999976,1924.0,172.0,942.0,1689.186646
1185,2021-02-05,2190711.629999995,1542.0,159.0,649.0,1756.510986
1186,2021-02-06,2441713.820000022,2931.0,195.0,1868.0,1738.314453
1187,2021-02-07,2500930.590000004,2468.0,587.0,1520.0,1690.036621
1188,2021-02-08,3903576.039999992,1634.0,324.0,863.0,1770.59082
1189,2021-02-09,2741300.5600000024,1483.0,283.0,602.0,1815.963623
1190,2021-02-10,1734152.799999982,1073.0,481.0,519.0,1826.696777
1191,2021-02-11,3616488.5600000015,3586.0,493.0,2001.0,1806.539063
1192,2021-02-12,1977801.7600000205,2974.0,773.0,1979.0,1861.356934
1193,2021-02-13,4131747.789999992,3137.0,469.0,1861.0,1871.603516
1194,2021-02-14,7768603.379999995,3868.0,754.0,2022.0,1848.154053
1195,2021-02-15,6242053.710000008,3442.0,447.0,1610.0,1833.830566
1196,2021-02-16,8464616.039999992,4696.0,326.0,2662.0,1824.518677
1197,2021-02-17,9976794.98999998,4079.0,680.0,2192.0,1853.667603
1198,2021-02-18,10060531.530000033,3553.0,678.0,1895.0,1949.903442
1199,2021-02-19,11724013.870000005,3414.0,388.0,2018.0,1969.546997
1200,2021-02-20,8327113.909999967,3269.0,888.0,1733.0,2036.286499
1201,2021-02-21,16492425.470000029,5949.0,955.0,3771.0,1974.259644
1202,2021-02-22,15636076.329999983,3649.0,1021.0,1747.0,1936.453735
1203,2021-02-23,6448266.129999995,2454.0,1690.0,1314.0,1781.409058
1204,2021-02-24,7931920.480000019,5321.0,1232.0,2162.0,1710.983765
1205,2021-02-25,5702201.040000021,5554.0,1236.0,3062.0,1670.224121
1206,2021-02-26,6472373.659999967,8318.0,1795.0,2482.0,1559.028931
1207,2021-02-27,8888068.370000005,11455.0,1330.0,4680.0,1524.932373
1208,2021-02-28,6987437.769999981,6421.0,1301.0,3175.0,1468.391479
1209,2021-03-01,9816616.24000001,13315.0,1167.0,10619.0,1567.69458
1210,2021-03-02,10995431.110000014,9251.0,1705.0,5211.0,1597.610107
1211,2021-03-03,9479287.73000002,6671.0,1765.0,2933.0,1650.360596
1212,2021-03-04,7166763.709999979,6550.0,1174.0,3320.0,1622.953857
1213,2021-03-05,7815228.879999995,7814.0,1027.0,4588.0,1547.878174
1214,2021-03-06,5402503.420000017,6867.0,1572.0,3941.0,1669.106567
1215,2021-03-07,6774154.060000002,9507.0,937.0,7168.0,1730.924194
1216,2021-03-08,9961500.649999976,9177.0,1492.0,5982.0,1835.192139
1217,2021-03-09,10962710.569999993,8219.0,2356.0,5124.0,1868.048828
1218,2021-03-10,9248545.139999986,11687.0,1945.0,8569.0,1873.803223
1219,2021-03-11,29071005.330000043,7791.0,1690.0,4723.0,1843.818848
1220,2021-03-12,16235020.629999995,7220.0,1720.0,4410.0,1839.497314
1221,2021-03-13,15713254.23000002,11088.0,1655.0,8031.0,1937.645508
1222,2021-03-14,14708685.329999924,8888.0,1248.0,5070.0,1930.779785
1223,2021-03-15,10565776.900000095,7356.0,2044.0,4012.0,1889.196655
1224,2021-03-16,10242940.20999992,8939.0,1507.0,5671.0,1817.060181
1225,2021-03-17,11910282.670000076,9780.0,1380.0,6697.0,1839.81897
1226,2021-03-18,10637520.799999952,9340.0,1069.0,5979.0,1848.646118
1227,2021-03-19,7880550.049999952,10402.0,1927.0,7351.0,1841.196045
1228,2021-03-20,10242676.03000009,8832.0,1052.0,5762.0,1874.708984
1229,2021-03-21,13331593.789999962,13567.0,1019.0,9956.0,1823.353027
1230,2021-03-22,8233909.440000057,7403.0,924.0,3953.0,1811.968262
1231,2021-03-23,6726601.48999989,6899.0,1161.0,4263.0,1725.108765
1232,2021-03-24,7126309.560000062,5366.0,907.0,3042.0,1740.428223
1233,2021-03-25,4737199.889999986,4766.0,762.0,2793.0,1625.911499
1234,2021-03-26,5719945.75999999,7778.0,793.0,5342.0,1702.922852
1235,2021-03-27,6351192.340000033,7276.0,781.0,5007.0,1732.824341
1236,2021-03-28,6295801.9499999285,6557.0,381.0,4283.0,1728.584106
1237,2021-03-29,7063746.290000081,5956.0,667.0,3454.0,1837.187988
1238,2021-03-30,7910438.100000024,5164.0,744.0,3101.0,1860.974731
1239,2021-03-31,6672930.779999971,4546.0,980.0,2888.0,1947.837769
1240,2021-04-01,6472854.329999924,4339.0,773.0,2668.0,1989.055054
1241,2021-04-02,5390162.230000019,3689.0,1460.0,2836.0,2152.451904
1242,2021-04-03,5452455.570000052,4357.0,878.0,2844.0,2144.962402
1243,2021-04-04,4616942.049999952,5986.0,826.0,3535.0,2110.353516
1244,2021-04-05,6296763.320000052,4994.0,959.0,3364.0,2140.985352
1245,2021-04-06,4717710.389999986,4668.0,1112.0,2929.0,2151.223389
1246,2021-04-07,4453568.350000024,7905.0,585.0,6210.0,2133.1875
1247,2021-04-08,12426484.379999995,6031.0,987.0,4196.0,2091.516357
1248,2021-04-09,11173951.379999995,5795.0,929.0,3919.0,2102.873779
1249,2021-04-10,7290737.590000033,6620.0,1045.0,4695.0,2196.996338
1250,2021-04-11,24955897.96999991,6996.0,797.0,4878.0,2165.191406
1251,2021-04-12,7510959.75,5372.0,739.0,3611.0,2199.71875
1252,2021-04-13,8703528.310000062,5441.0,716.0,3454.0,2318.42334
1253,2021-04-14,14244108.169999955,7253.0,385.0,5809.0,2449.6875
1254,2021-04-15,10480329.060000062,5042.0,405.0,3645.0,2544.267334
1255,2021-04-16,12110190.189999938,5227.0,548.0,3436.0,2547.555664
1256,2021-04-17,6632808.909999967,4976.0,394.0,3459.0,2497.385254
1257,2021-04-18,5936459.99000001,4661.0,1044.0,3218.0,2365.460449
1258,2021-04-19,6418742.330000043,3742.0,829.0,2653.0,2276.776855
1259,2021-04-20,5272342.309999943,2497.0,589.0,1964.0,2345.834961
1260,2021-04-21,5948912.530000091,3983.0,877.0,2597.0,2467.200684
1261,2021-04-22,5619110.429999948,4747.0,1100.0,3475.0,2641.094971
1262,2021-04-23,5756777.519999981,5721.0,1049.0,3905.0,2439.537109
1263,2021-04-24,4728659.790000081,5188.0,1183.0,3914.0,2367.740967
1264,2021-04-25,3299519.990000009,5623.0,1592.0,4083.0,2354.08667
1265,2021-04-26,4905174.00999999,5844.0,1493.0,4437.0,2536.337402
1266,2021-04-27,9793028.779999971,7268.0,1538.0,5800.0,2676.392822
1267,2021-04-28,5785002.00999999,5968.0,1379.0,4791.0,2757.477295
1268,2021-04-29,4477267.689999938,5298.0,613.0,4059.0,2797.972412
1269,2021-04-30,6530033.180000067,6678.0,720.0,4770.0,2796.054932
1270,2021-05-01,9765443.24000001,16639.0,877.0,13396.0,2951.440918
1271,2021-05-02,10404574.069999931,6060.0,1020.0,3008.0,2984.891846
1272,2021-05-03,104667655.51,14685.0,374.0,11556.0,3450.037842
1273,2021-05-04,32519793.129999995,6681.0,295.0,3894.0,3523.585938
1274,2021-05-05,14130277.26999998,4659.0,281.0,2913.0,3541.462646
1275,2021-05-06,10867487.610000134,4709.0,232.0,3091.0,3598.895996
1276,2021-05-07,7808862.899999857,4276.0,2520.0,2616.0,3573.290039
1277,2021-05-08,10800178.00999999,2568.0,1060.0,1714.0,3950.165039
1278,2021-05-09,10000325.340000153,3379.0,392.0,1915.0,3981.259033
1279,2021-05-10,7434372.99000001,1361.0,866.0,805.0,4197.473145
1280,2021-05-11,7643278.619999886,1567.0,1069.0,1015.0,4178.208984
1281,2021-05-12,24487177.430000067,4203.0,404.0,3596.0,4362.350586
1282,2021-05-13,15182363.210000038,3955.0,306.0,2812.0,4032.563477
1283,2021-05-14,12172858.399999855,5622.0,280.0,3784.0,4171.01709
1284,2021-05-15,8146899.900000095,4540.0,572.0,2868.0,4129.185547
1285,2021-05-16,6710176.619999886,4136.0,474.0,2985.0,3878.895996
1286,2021-05-17,3864378.370000124,3201.0,363.0,2104.0,3587.765625
1287,2021-05-18,5132095.700000048,3599.0,238.0,2165.0,3562.465088
1288,2021-05-19,2546691.230000019,2341.0,403.0,1299.0,3437.935791
1289,2021-05-20,3073676.2099998,4737.0,1443.0,3268.0,2993.145264
1290,2021-05-21,3701768.2700002193,4407.0,1077.0,2923.0,2938.205078
1291,2021-05-22,5748646.369999886,5519.0,869.0,3295.0,2483.983154
1292,2021-05-23,3071092.2200000286,3082.0,440.0,1778.0,2384.411621
1293,2021-05-24,4612247.970000029,3967.0,747.0,2107.0,2672.595703
1294,2021-05-25,3631538.589999914,4022.0,592.0,2078.0,2750.534912
1295,2021-05-26,3811393.400000096,4122.0,830.0,2116.0,2911.735596
1296,2021-05-27,6246842.829999924,6294.0,741.0,4056.0,2888.752441
1297,2021-05-28,5092078.940000057,4497.0,655.0,2990.0,2761.363281
1298,2021-05-29,4565414.559999943,4281.0,526.0,2927.0,2566.938477
1299,2021-05-30,4228616.309999943,4414.0,1055.0,2610.0,2472.187744
1300,2021-05-31,4005350.550000191,4427.0,798.0,2802.0,2715.85498
1301,2021-06-01,5566865.919999838,5206.0,493.0,3186.0,2739.737549
1302,2021-06-02,3309010.160000086,3969.0,532.0,2413.0,2801.392334
1303,2021-06-03,3079168.9700000286,3989.0,853.0,2545.0,2891.254883
1304,2021-06-04,2965173.1399998665,4308.0,906.0,2980.0,2857.165527
1305,2021-06-05,2955479.0,4488.0,1163.0,2747.0,2817.484863
1306,2021-06-06,4056225.6800000663,4467.0,492.0,2977.0,2743.441162
1307,2021-06-07,5716216.640000105,4594.0,685.0,2876.0,2845.185059
1308,2021-06-08,4492428.609999895,4780.0,620.0,3309.0,2620.846191
1309,2021-06-09,3321232.2599999905,5679.0,857.0,4332.0,2625.070557
1310,2021-06-10,4220331.470000029,6500.0,867.0,5018.0,2619.957764
1311,2021-06-11,9448937.319999931,13428.0,669.0,10537.0,2495.414795
1312,2021-06-12,2682982.890000105,4401.0,1094.0,2580.0,2447.227783
1313,2021-06-13,2323739.3899998665,4573.0,898.0,2827.0,2547.36792
1314,2021-06-14,3358600.7200000286,6049.0,1029.0,4636.0,2606.432861
1315,2021-06-15,7569389.920000076,13941.0,834.0,11007.0,2639.229248
1316,2021-06-16,5487057.970000029,7120.0,384.0,3946.0,2554.628906
1317,2021-06-17,5549653.869999886,5758.0,767.0,3628.0,2457.175537
1318,2021-06-18,4951446.680000067,17950.0,883.0,13500.0,2377.195068
1319,2021-06-19,6919317.75999999,17653.0,1166.0,13446.0,2278.415039
1320,2021-06-20,12455752.210000038,21534.0,859.0,14720.0,2275.382813
1321,2021-06-21,12236372.75999999,21412.0,1031.0,12290.0,2259.464111
1322,2021-06-22,5420627.50999999,6113.0,1108.0,1920.0,1993.15979
1323,2021-06-23,6333785.039999962,7522.0,495.0,3237.0,2043.530396
1324,2021-06-24,6804591.849999905,10292.0,2029.0,6502.0,2032.339355
1325,2021-06-25,9986001.900000095,15374.0,1275.0,11415.0,2017.759521
1326,2021-06-26,9206326.99000001,11450.0,820.0,6472.0,1850.17981
1327,2021-06-27,8733607.720000029,26997.0,702.0,19229.0,1979.95813
1328,2021-06-28,7995666.359999895,12200.0,378.0,6121.0,2139.80542
1329,2021-06-29,7299501.980000019,10004.0,1006.0,5994.0,2242.23877
1330,2021-06-30,11319204.120000124,44062.0,789.0,39163.0,2282.989014
1331,2021-07-01,6678562.849999905,24127.0,784.0,18800.0,2274.397461
1332,2021-07-02,7182851.230000019,11863.0,1277.0,6227.0,2155.596436
1333,2021-07-03,4454909.779999971,8797.0,1161.0,4301.0,2237.567139
1334,2021-07-04,7891255.319999933,9493.0,867.0,3607.0,2384.286865
1335,2021-07-05,5999974.940000057,9717.0,480.0,4360.0,2321.922852
1336,2021-07-06,7110047.269999981,8865.0,611.0,4375.0,2346.294922
1337,2021-07-07,9546393.400000095,13896.0,697.0,7249.0,2403.773438
1338,2021-07-08,9967329.75999999,20912.0,559.0,15326.0,2324.006836
1339,2021-07-09,9557011.129999876,13771.0,1341.0,5600.0,2185.376221
1340,2021-07-10,11045189.5400002,13542.0,1017.0,7644.0,2190.124023
1341,2021-07-11,9533117.909999847,15702.0,1333.0,10212.0,2172.65332
1342,2021-07-12,9530691.720000029,12563.0,1037.0,7472.0,2167.710205
1343,2021-07-13,12049863.789999962,18811.0,1205.0,11892.0,2040.693604
1344,2021-07-14,9306155.410000086,14138.0,3025.0,7056.0,2015.107422
1345,2021-07-15,14941855.119999886,18252.0,1514.0,11252.0,2037.742554
1346,2021-07-16,15332899.580000162,19716.0,1000.0,12641.0,1959.696289
1347,2021-07-17,17738433.450000048,21267.0,836.0,12666.0,1917.5979
1348,2021-07-18,10295045.899999855,17017.0,653.0,9644.0,1988.336426
1349,2021-07-19,10798009.049999952,13754.0,877.0,8071.0,1916.118042
1350,2021-07-20,9740327.580000162,21420.0,1272.0,14326.0,1836.998047
1351,2021-07-21,8818212.349999905,14549.0,529.0,7839.0,2025.68042
1352,2021-07-22,7696910.660000086,9253.0,537.0,4973.0,2044.116455
1353,2021-07-23,9053448.909999847,8844.0,524.0,4282.0,2129.441162
1354,2021-07-24,7389839.279999971,7024.0,761.0,3252.0,2197.649414
1355,2021-07-25,9406409.830000162,7410.0,1398.0,3078.0,2194.438232
1356,2021-07-26,15800299.470000029,9137.0,1064.0,5286.0,2428.817139
1357,2021-07-27,10838029.179999828,8539.0,2526.0,3943.0,2316.950195
1358,2021-07-28,10061992.06000018,7244.0,1863.0,3677.0,2341.777832
1359,2021-07-29,14864737.50999999,5861.0,3564.0,2521.0,2396.451904
1360,2021-07-30,27761528.46000004,6110.0,3188.0,2962.0,2469.704834
1361,2021-07-31,74251985.17999983,11744.0,4045.0,6757.0,2551.161133
1362,2021-08-01,77997562.11000013,13645.0,3956.0,5048.0,2695.429443
1363,2021-08-02,27482804.409999847,16694.0,3761.0,10112.0,2665.730957
1364,2021-08-03,39551278.85000014,18973.0,3878.0,5123.0,2630.314209
1365,2021-08-04,77628124.00999999,21331.0,3730.0,5120.0,2764.443604
1366,2021-08-05,77777124.30999994,26909.0,3267.0,5199.0,2840.430664
1367,2021-08-06,105481869.26000024,29402.0,3510.0,9302.0,2944.90332
1368,2021-08-07,65874086.52999973,53276.0,2403.0,32646.0,3170.229736
1369,2021-08-08,85565538.26999998,65236.0,4252.0,38715.0,3184.604004
1370,2021-08-09,84108274.44000006,82064.0,3044.0,53384.0,3185.701172
1371,2021-08-10,73195935.71000004,79223.0,2543.0,46046.0,3228.940674
1372,2021-08-11,66445876.98000002,56014.0,1883.0,27159.0,3269.209473
1373,2021-08-12,58899874.55999994,44149.0,2727.0,21181.0,3236.314697
1374,2021-08-13,58699676.150000095,62844.0,2292.0,35610.0,3324.671631
1375,2021-08-14,65185748.299999714,42578.0,2468.0,16587.0,3329.281006
1376,2021-08-15,62468744.75,62632.0,3109.0,40644.0,3320.084229
1377,2021-08-16,51081235.42000008,54466.0,2758.0,28802.0,3333.994873
1378,2021-08-17,40242843.53000021,30314.0,4626.0,14142.0,3288.812744
1379,2021-08-18,43807643.34999991,20770.0,4393.0,7807.0,3124.976074
1380,2021-08-19,32517342.26999998,24837.0,5380.0,11267.0,3184.435547
1381,2021-08-20,77303603.01999998,26195.0,4222.0,12272.0,3298.246582
1382,2021-08-21,107963896.5999999,26776.0,4079.0,11544.0,3307.351563
1383,2021-08-22,100171325.26000024,31844.0,4407.0,11011.0,3272.733154
1384,2021-08-23,243577798.3499999,34576.0,4443.0,12125.0,3373.384277
1385,2021-08-24,194949783.51000023,42202.0,4015.0,15981.0,3358.688232
1386,2021-08-25,152586327.60999966,46876.0,4118.0,18695.0,3248.727295
1387,2021-08-26,136148296.9000001,40384.0,2646.0,15303.0,3249.655273
1388,2021-08-27,208151115.5500002,60409.0,2186.0,36308.0,3281.840576
1389,2021-08-28,331529263.1500001,48395.0,5210.0,19921.0,3284.845947
1390,2021-08-29,388636358.4899998,57826.0,4715.0,26472.0,3283.235596
1391,2021-08-30,227555186.8500004,49750.0,3776.0,18733.0,3346.581055
1392,2021-08-31,156755906.8899994,59261.0,2475.0,28225.0,3466.992188
1393,2021-09-01,151716810.78999996,46294.0,3235.0,21635.0,3836.867432
1394,2021-09-02,145710507.3000002,19741.0,2613.0,3634.0,3830.711426
1395,2021-09-03,129520914.2300005,19293.0,2109.0,8304.0,4022.469238
1396,2021-09-04,102736493.61999989,30562.0,2902.0,16765.0,3969.44873
1397,2021-09-05,88126427.25,37470.0,2029.0,22193.0,3979.186523
1398,2021-09-06,74224403.8199997,28651.0,1624.0,14331.0,3968.426514
1399,2021-09-07,53117241.34000015,13333.0,1852.0,4047.0,3945.314209
1400,2021-09-08,43021094.869999886,21028.0,2785.0,12538.0,3559.121338
1401,2021-09-09,39639391.09000015,17584.0,3327.0,8535.0,3562.992676
1402,2021-09-10,37012162.73999977,15019.0,1353.0,6659.0,3512.571289
1403,2021-09-11,31031222.11999989,18284.0,3005.0,9077.0,3346.526367
1404,2021-09-12,26774908.720000267,21837.0,1269.0,14180.0,3462.468262
1405,2021-09-13,53581360.28999996,15033.0,1840.0,6505.0,3426.502197
1406,2021-09-14,38878181.82999992,12555.0,2335.0,4448.0,3429.169678
1407,2021-09-15,52134085.56000042,24570.0,1673.0,15671.0,3615.282715
1408,2021-09-16,95266071.40999985,20663.0,1959.0,10310.0,3673.310791
1409,2021-09-17,39749686.68999958,19871.0,5067.0,7818.0,3589.305176
1410,2021-09-18,40319139.5,25037.0,6572.0,12160.0,3540.807617
1411,2021-09-19,33714666.619999886,11898.0,3833.0,2612.0,3448.322021
1412,2021-09-20,31031898.60000038,17532.0,4427.0,9115.0,3343.325439
1413,2021-09-21,43142772.97999954,24360.0,3129.0,10611.0,3101.69751
1414,2021-09-22,23994739.159999847,11515.0,4565.0,4207.0,3089.083008
1415,2021-09-23,58828191.40000057,19400.0,3799.0,8366.0,3173.544678
1416,2021-09-24,53815888.22999954,39183.0,2969.0,23716.0,3159.644043
1417,2021-09-25,61387339.60000038,51855.0,2677.0,30773.0,2968.994629
1418,2021-09-26,66909945.01000023,48119.0,6526.0,22616.0,3114.857422
1419,2021-09-27,103487240.18999958,63076.0,3378.0,33807.0,3163.665039
1420,2021-09-28,101119111.13000011,41912.0,2743.0,17123.0,2970.770508
1421,2021-09-29,75645298.73999977,48830.0,4868.0,23510.0,2946.881348
1422,2021-09-30,92777715.8000002,69618.0,5607.0,44942.0,3046.519531
1423,2021-10-01,86740095.3199997,46091.0,3472.0,23441.0,3329.853516
1424,2021-10-02,78695073.26000023,43619.0,4066.0,20686.0,3464.837402
1425,2021-10-03,93535857.8199997,47622.0,2270.0,20637.0,3484.605713
1426,2021-10-04,127708378.92000008,82752.0,2894.0,43467.0,3434.775391
1427,2021-10-05,109951137.03999996,53013.0,2175.0,21637.0,3541.45166
1428,2021-10-06,78856813.86000061,29032.0,3785.0,3889.0,3622.55127
1429,2021-10-07,92399977.90999985,49852.0,2597.0,29528.0,3650.013184
1430,2021-10-08,104263647.71000004,68848.0,3521.0,42550.0,3667.95752
1431,2021-10-09,58408541.559999466,35045.0,1917.0,13800.0,3628.237305
1432,2021-10-10,56340691.78000069,38868.0,30129.0,19508.0,3603.244873
1433,2021-10-11,52108782.880000114,25927.0,12078.0,9389.0,3622.289551
1434,2021-10-12,55210073.5,27460.0,8862.0,11529.0,3546.477783
1435,2021-10-13,66142698.47999954,19692.0,6022.0,6805.0,3607.741699
1436,2021-10-14,48880556.46000004,22970.0,6083.0,11624.0,3819.258545
1437,2021-10-15,60932728.65999985,19200.0,9559.0,8912.0,3895.466309
1438,2021-10-16,47002895.34000015,16548.0,9738.0,4093.0,3962.453125
1439,2021-10-17,52541362.0,18814.0,5197.0,7855.0,3914.897949
1440,2021-10-18,58569395.20000076,77182.0,4900.0,73772.0,3888.209229
1441,2021-10-19,108597429.22999954,161732.0,12242.0,92047.0,3883.928711
1442,2021-10-20,89921018.63999939,108922.0,3931.0,64028.0,4167.472168
1443,2021-10-21,53944977.18000031,49600.0,4775.0,26023.0,4366.088379
1444,2021-10-22,55199155.28000069,42603.0,11107.0,22491.0,4162.975586
1445,2021-10-23,105569370.84999847,122089.0,4969.0,81681.0,4171.663574
1446,2021-10-24,73636771.91000175,117308.0,1317.0,69720.0,4185.729492
1447,2021-10-25,50577442.23999977,40139.0,8932.0,18888.0,4236.666992
1448,2021-10-26,42517029.40999985,31365.0,3618.0,15670.0,4289.131348
1449,2021-10-27,108245193.20999908,139986.0,2099.0,93609.0,4299.152832
1450,2021-10-28,39561841.06000137,30097.0,1978.0,15453.0,4293.150879
1451,2021-10-29,42368644.63999939,27190.0,7374.0,14021.0,4455.735352
1452,2021-10-30,134626679.30999947,53294.0,3647.0,49274.0,4426.848633
1453,2021-10-31,66341039.64999962,53472.0,6286.0,35765.0,4394.449707
1454,2021-11-01,35538771.29000092,13646.0,6420.0,12106.0,4377.322266
1455,2021-11-02,82613309.88999939,67388.0,5370.0,46997.0,4599.948242
1456,2021-11-03,43099329.76000023,23465.0,3308.0,22022.0,4664.910156
1457,2021-11-04,46872651.71000099,13108.0,-573.0,5137.0,4606.516113
1458,2021-11-05,30924636.959999084,12475.0,,5456.0,4570.895996
1459,2021-11-06,58455993.21999931,118288.0,,74145.0,4530.99707
1460,2021-11-07,62408291.90999985,44347.0,,24606.0,4640.921875
1461,2021-11-08,77066977.22000122,59264.0,,44435.0,4822.363281
1462,2021-11-09,51975076.60000038,50879.0,,32156.0,4837.589355
1463,2021-11-10,59010338.61999893,44822.0,,27694.0,4859.50293
1464,2021-11-11,35543166.10000038,13935.0,,7808.0,4778.059082
1465,2021-11-12,-6196719.719999313,-2195.0,,-1171.0,4808.73877
